[
  {
    "title": "[도매라인]인기템*최저가 베이직 3단자동우산/우산케이스/접이식우산/3단우산/암막우산/자동우산",
    "productUrl": "https://domeggook.com/3201182?from=popular100",
    "imageUrl": "https://cdn1.domeggook.com/upload/banner/bestItem/22/47d7430e7367c759084ad4bebc02779a.png",
    "price": "3,040원"
  },
  {
    "title": "[도매라인]*고급장우산/골프우산/대형우산/접이식우산/2단우산/자동우산/판촉물/사은품",
    "productUrl": "https://domeggook.com/9556369?from=popular100",
    "imageUrl": "https://cdn1.domeggook.com/upload/banner/bestItem/20/1df5d1f62861806752ceaf4af6691e72.png",
    "price": "4,900원"
  },
  {
    "title": "파파 LED와이드스탠드 800B (화이트) 스탠드타입 / 학습용 사무용",
    "productUrl": "https://domeggook.com/12910598?from=popular100",
    "imageUrl": "https://cdn1.domeggook.com/upload/banner/bestItem/12/57189f354a53633d185c5be2008fd783.png",
    "price": "59,900원"
  },
  {
    "title": "(인기)15종직업체험블럭/어린이날선물사은품/10%추가할인/장난감/아동/개당단가",
    "productUrl": "https://domeggook.com/961775?from=popular100",
    "imageUrl": "https://cdn1.domeggook.com/upload/banner/bestItem/20/f855fbc1f7486c71421351bde981ba1c.png",
    "price": "740원"
  },
  {
    "title": "UV 차단 3단 암막 미니 우산 자외선 양우산 양산",
    "productUrl": "https://domeggook.com/37571647?from=popular100",
    "imageUrl": "https://cdn1.domeggook.com/upload/banner/bestItem/19/24c92f48a302aecfb8bdc505a0611245.png",
    "price": "3,500원"
  },
  {
    "title": "1.18리터 대용량 스텐 텀블러+빨대 포함 손잡이 이중 보온 보냉병",
    "productUrl": "https://domeggook.com/54804743?from=popular100",
    "imageUrl": "https://cdn1.domeggook.com/upload/banner/bestItem/22/7feb2b991999700eb99a92ccd13c7d2c.png",
    "price": "5,900원"
  },
  {
    "title": "[도매라인]*미니양우산*13컬러/초경량 접이식우산 양산/휴대용우산/미니 양우산/암막/케이스우산",
    "productUrl": "https://domeggook.com/5658106?from=popular100",
    "imageUrl": "https://cdn1.domeggook.com/upload/banner/bestItem/22/5881e2631a4236958f6f4ff94d070a87.png",
    "price": "4,100원"
  },
  {
    "title": "가정의달인기선물/캠핑랜턴/취침등/동물무드등/캐릭터무드등/토끼무드등/곰무드등/고양이소품/LAM-61",
    "productUrl": "https://domeggook.com/40347237?from=popular100",
    "imageUrl": "https://cdn1.domeggook.com/upload/banner/bestItem/18/e68bbe4201aed909576f75ec55bedae4.png",
    "price": "1,880원"
  },
  {
    "title": "[도매라인]인기최고*세면파우치 신상 패브릭 파우치 벽걸이 방수파우치 여행용 세면백 압축파우치 워시백",
    "productUrl": "https://domeggook.com/9751938?from=popular100",
    "imageUrl": "https://cdn1.domeggook.com/upload/banner/bestItem/21/ffbca29b87a3f988c6d827b0c20e0797.png",
    "price": "2,400원"
  },
  {
    "title": "우산 양산 양우산 자동우산 우산케이스 (인쇄가능)3단접이식 휴대용우산 자외선차단 UV차단 암막 방수 골프",
    "productUrl": "https://domeggook.com/13187678?from=popular100",
    "imageUrl": "https://cdn1.domeggook.com/upload/banner/bestItem/21/ac7562be264be2ae6fcfe2f048155183.png",
    "price": "3,040원"
  },
  {
    "title": "DC-1015 노트북 태블릿 부착식 미니 다용도 수납포켓",
    "productUrl": "https://domeggook.com/56330418?from=popular100",
    "imageUrl": "https://cdn1.domeggook.com/upload/banner/bestItem/22/d37f583937ce9830e0f572a79de302be.png",
    "price": "20,000원"
  },
  {
    "title": "넷메이트 NMC-KVF32M 모바일 멀티 충전 케이블 3 in 1",
    "productUrl": "https://domeggook.com/56330417?from=popular100",
    "imageUrl": "https://cdn1.domeggook.com/upload/banner/bestItem/22/ad00ad15fd17bf5603317289d7e4558e.png",
    "price": "20,000원"
  },
  {
    "title": "아이패드 미니6 (2021) 호환용 풀커버 강화글라스 2장",
    "productUrl": "https://domeggook.com/56330470?from=popular100",
    "imageUrl": "https://cdn1.domeggook.com/upload/banner/bestItem/22/d1200af5714fa42092908c03da3ef2d6.png",
    "price": "20,000원"
  },
  {
    "title": "쿨링 소재 루즈핏 티셔츠 반바지 세트",
    "productUrl": "https://domeggook.com/56326163?from=popular100",
    "imageUrl": "https://cdn1.domeggook.com/upload/banner/bestItem/22/29124b9d4cc431b559ad10fac3efa7a4.png",
    "price": "30,000원"
  },
  {
    "title": "수영장매트 C형 12M 욕실 화장실 현관 미끄럼방지 매트",
    "productUrl": "https://domeggook.com/47413927?from=popular100",
    "imageUrl": "https://cdn1.domeggook.com/upload/banner/bestItem/22/a5609ea162bf5217a16fcb40a99f5c99.png",
    "price": "461,500원"
  },
  {
    "title": "고급 현관매트 190X900 보카시 현관 업소용 카페트 발판",
    "productUrl": "https://domeggook.com/47412744?from=popular100",
    "imageUrl": "https://cdn1.domeggook.com/upload/banner/bestItem/22/78d60fd698c7e75112cc886c4fe4a027.png",
    "price": "1,499,800원"
  },
  {
    "title": "마일드 형광펜 소프트 1 박스 144개입",
    "productUrl": "https://domeggook.com/44364115?from=popular100",
    "imageUrl": "https://cdn1.domeggook.com/upload/banner/bestItem/22/0b7c56c23e24628e1024899b88152270.png",
    "price": "1,199,890원"
  },
  {
    "title": "수공예품 간편 제사 제기 방짜 유기 6종 세트 반상기",
    "productUrl": "https://domeggook.com/54245020?from=popular100",
    "imageUrl": "https://cdn1.domeggook.com/upload/banner/bestItem/22/dff7d4e7fd7eb15eaf3e23e768195702.png",
    "price": "1,499,700원"
  },
  {
    "title": "실크 반팔 잠옷 세트",
    "productUrl": "https://domeggook.com/56296773?from=popular100",
    "imageUrl": "https://cdn1.domeggook.com/upload/banner/bestItem/22/81fdfc6858d79419527d8e1c15718ffa.png",
    "price": "36,900원"
  },
  {
    "title": "무선 360도 회전 모던 미니 수면등 야간 독서 조명 수유등 충전식 부착식",
    "productUrl": "https://domeggook.com/56464857?from=popular100",
    "imageUrl": "https://cdn1.domeggook.com/upload/banner/bestItem/22/4eaa736b3b81029251329664cf776e0b.png",
    "price": "30,000원"
  },
  {
    "title": "쿨 아이스 냉감 반팔 티셔츠 기능성 라운드 남성 남자 반팔티",
    "productUrl": "https://domeggook.com/56328525?from=popular100",
    "imageUrl": "https://cdn1.domeggook.com/upload/banner/bestItem/21/eae67ff5efa8e25a2d6d44b1b18615a8.png",
    "price": "2,500원"
  },
  {
    "title": "배색 카라 니트 플리츠 스커트 투피스 세트",
    "productUrl": "https://domeggook.com/56300020?from=popular100",
    "imageUrl": "https://cdn1.domeggook.com/upload/banner/bestItem/22/d93beb05ede10a9dd70578b67bac00d4.png",
    "price": "62,300원"
  },
  {
    "title": "[히트템] ufo 넓은창 사파리 모자 자외선차단 벙거지모자 7color",
    "productUrl": "https://domeggook.com/40114583?from=popular100",
    "imageUrl": "https://cdn1.domeggook.com/upload/banner/bestItem/18/db75f38aecd51a80e713d2f4ebe4f8f5.png",
    "price": "2,300원"
  },
  {
    "title": "[ANB7]주름바지/플리츠 밴딩팬츠/무지바지/여름바지/잠옷/사은품/판촉물",
    "productUrl": "https://domeggook.com/10223073?from=popular100",
    "imageUrl": "https://cdn1.domeggook.com/upload/banner/bestItem/19/9a7b0c181e1f64936cfac5d4be8a21b3.png",
    "price": "2,450원"
  },
  {
    "title": "파파 LED와이드스탠드 800B (블랙) 스탠드타입 / 학습용 사무용",
    "productUrl": "https://domeggook.com/12910755?from=popular100",
    "imageUrl": "https://cdn1.domeggook.com/upload/banner/bestItem/12/b75927161db4d9ca186eddfc0cde4fc9.png",
    "price": "59,900원"
  },
  {
    "title": "[기획초특가]면100 손수건 쁘띠스카프 국산 개별포장",
    "productUrl": "https://domeggook.com/7381583?from=popular100",
    "imageUrl": "https://cdn1.domeggook.com/upload/banner/bestItem/17/5d0e4661712afd5e145a3a215643cd8e.png",
    "price": "1,350원"
  },
  {
    "title": "자외선차단 스포츠 마스크 쿨 여름 안면 얼굴 햇빛가리개 골프마스크 자전거",
    "productUrl": "https://domeggook.com/56587588?from=popular100",
    "imageUrl": "https://cdn1.domeggook.com/upload/banner/bestItem/21/df4ae18bcb3600658484a72da14d53c5.png",
    "price": "450원"
  },
  {
    "title": "EAS 알루미늄 접이식 태블릿 거치대 회전 미끄럼방지",
    "productUrl": "https://domeggook.com/56427880?from=popular100",
    "imageUrl": "https://cdn1.domeggook.com/upload/banner/bestItem/22/74c1716b97717cb5bb4865d0d1035e52.png",
    "price": "26,500원"
  },
  {
    "title": "파파 LED와이드스탠드 800S (화이트) / 학습용 사무용",
    "productUrl": "https://domeggook.com/8471578?from=popular100",
    "imageUrl": "https://cdn1.domeggook.com/upload/banner/bestItem/8/c6cac65a45d72819ec9ce368782e46b7.png",
    "price": "57,900원"
  },
  {
    "title": "LN 남성용 V넥 기능성 심리스 무봉제 나시 아이스 쿨 런닝 부드럽고 괘적한 깔끔한 핏 빅사이즈 소형사이즈",
    "productUrl": "https://domeggook.com/45249726?from=popular100",
    "imageUrl": "https://cdn1.domeggook.com/upload/banner/bestItem/19/d2ae02fe1935edfa9bb3882f185e4c81.png",
    "price": "1,450원"
  },
  {
    "title": "[도매라인]*엘레강스양우산*신상/초경량양산/접이식우산/미니우산/암막우산/패턴양산/자외선차단/UV차단",
    "productUrl": "https://domeggook.com/48889837?from=popular100",
    "imageUrl": "https://cdn1.domeggook.com/upload/banner/bestItem/22/b8c70d16ec6fdfcb4beb76fde8f8923d.png",
    "price": "5,400원"
  },
  {
    "title": "64홀 LED 자동 버블건 유치원 어린이집 행사 핑크",
    "productUrl": "https://domeggook.com/56473120?from=popular100",
    "imageUrl": "https://cdn1.domeggook.com/upload/banner/bestItem/22/eaa87712312402692519cb495225b2cb.png",
    "price": "10,000원"
  },
  {
    "title": "런칭특가 남성 V넥 심리스 쿨나시 무봉제 민소매 냉감 런닝 햄라인 쿨티 여름 쿨티셔츠 남성 여름티",
    "productUrl": "https://domeggook.com/45023173?from=popular100",
    "imageUrl": "https://cdn1.domeggook.com/upload/banner/bestItem/19/09edccf5f7feaeb6da5fbddfce4db05f.png",
    "price": "1,390원"
  },
  {
    "title": "제이몰 루즈핏니트/가오리니트/가디건/무지개칼라",
    "productUrl": "https://domeggook.com/10911373?from=popular100",
    "imageUrl": "https://cdn1.domeggook.com/upload/banner/bestItem/10/4f39cc0e4d13f1ac3af63278e759af4c.png",
    "price": "22,500원"
  },
  {
    "title": "남여 고급 골프비옷 상하세트 배달 캠핑 우의 바지 휴대용 레인슈트",
    "productUrl": "https://domeggook.com/46726935?from=popular100",
    "imageUrl": "https://cdn1.domeggook.com/upload/banner/bestItem/21/280eb7615dcc87d22c7d6d53e741cf8c.png",
    "price": "18,700원"
  },
  {
    "title": "충전기 스피디충전기 1.2A충전기 C타입충전기 8핀충전기 5핀충전기 가정용충전기 1.2A충전기 C타입충전기",
    "productUrl": "https://domeggook.com/19807319?from=popular100",
    "imageUrl": "https://cdn1.domeggook.com/upload/banner/bestItem/15/363a41ca29ce94a5c0350e288292c154.png",
    "price": "1,380원"
  },
  {
    "title": "[ANB7]아웃도어 등산 모자/자외선차단/선캡/봄/ 여름/가을모자/사은품/판촉물",
    "productUrl": "https://domeggook.com/38648241?from=popular100",
    "imageUrl": "https://cdn1.domeggook.com/upload/banner/bestItem/21/31c847ebf7991558b5e320792ac2893c.png",
    "price": "2,250원"
  },
  {
    "title": "정원 잔디 물주기 스프링쿨러 급수 노즐",
    "productUrl": "https://domeggook.com/10736838?from=popular100",
    "imageUrl": "https://cdn1.domeggook.com/upload/banner/bestItem/21/bfba59b735bad1a839b2da97ebb165f3.png",
    "price": "1,280원"
  },
  {
    "title": "슬리퍼 샌들 빅사이즈 295까지 남자 여자 학생 사무실 여름 쿠션 슬리퍼 실내화",
    "productUrl": "https://domeggook.com/45626139?from=popular100",
    "imageUrl": "https://cdn1.domeggook.com/upload/banner/bestItem/20/6971deeda9b6d8e0cec64408f31d192f.png",
    "price": "2,900원"
  },
  {
    "title": "2658 [선물포장] 컴팩트 3단 자동 우산 양산 UV 휴대용 미니 암막 원터치 접이식 양우산 자외선차단 튼튼",
    "productUrl": "https://domeggook.com/8078349?from=popular100",
    "imageUrl": "https://cdn1.domeggook.com/upload/banner/bestItem/21/f874c57f1d421ddbc9de5fcc7dbc788d.png",
    "price": "3,040원"
  },
  {
    "title": "(어린이날초특가)2인용축구게임/월드컵테이블축구게임/보드게임/남녀노소사용/장난감/아동",
    "productUrl": "https://domeggook.com/45506970?from=popular100",
    "imageUrl": "https://cdn1.domeggook.com/upload/banner/bestItem/19/677f97ffea4e848dd1c1ea25e5ac92f0.png",
    "price": "5,500원"
  },
  {
    "title": "오다리 교정 보조 기능성 평발 아치 깔창 뒤꿈치 패드 족저근막염",
    "productUrl": "https://domeggook.com/54658360?from=popular100",
    "imageUrl": "https://cdn1.domeggook.com/upload/banner/bestItem/21/43751d2a90315c7c18348a7fb496de2b.png",
    "price": "990원"
  },
  {
    "title": "빅 사이즈 대형 아이스 쿨타올/등산 수건/케이스 증정",
    "productUrl": "https://domeggook.com/24192983?from=popular100",
    "imageUrl": "https://cdn1.domeggook.com/upload/banner/bestItem/12/e7d72f8375279d91eb2eac025770c881.png",
    "price": "2,250원"
  },
  {
    "title": "(인쇄가능)포장박스 자동우산 경량우산 uv양우산 초특가",
    "productUrl": "https://domeggook.com/46652707?from=popular100",
    "imageUrl": "https://cdn1.domeggook.com/upload/banner/bestItem/22/b5888a58044702715f0a5e61b9e4cf2c.png",
    "price": "2,950원"
  },
  {
    "title": "[1위파워샵] [손잡이일체] 우리집 플라워땡큐 국산브랜드 3겹30롤 화장지 휴지 (NO PACKAGE DOWN SIZING)",
    "productUrl": "https://domeggook.com/10519708?from=popular100",
    "imageUrl": "https://cdn1.domeggook.com/upload/banner/bestItem/20/086b8595f7e908843910f2b2fe11fa8b.png",
    "price": "5,970원"
  },
  {
    "title": "마스크 KF94마스크 KF94마스크 kf94 마스크 kf94 마스크kf94 마스크kf94 마스크 제로가드 KF94마스크 KF94",
    "productUrl": "https://domeggook.com/19643370?from=popular100",
    "imageUrl": "https://cdn1.domeggook.com/upload/banner/bestItem/15/556eb43a851020ff6daadaf4d60a8479.png",
    "price": "130원"
  },
  {
    "title": "어린이 유아 귀요미 캐릭터 식기 식판 이유식 준비물",
    "productUrl": "https://domeggook.com/32142516?from=popular100",
    "imageUrl": "https://cdn1.domeggook.com/upload/banner/bestItem/19/0e108be9805051b2264c4cff537c7f68.png",
    "price": "1,390원"
  },
  {
    "title": "아치필굿 아치 보조 아치형 깔창 좌우",
    "productUrl": "https://domeggook.com/47399888?from=popular100",
    "imageUrl": "https://cdn1.domeggook.com/upload/banner/bestItem/21/0330ae6bdff51c692f3f8dc910fb03e3.png",
    "price": "940원"
  },
  {
    "title": "우산 장우산 양산 양우산 자동우산(인쇄가능)자외선차단 UV차단 대형 암막 방수 골프 판촉물 사은품 기념품",
    "productUrl": "https://domeggook.com/55808920?from=popular100",
    "imageUrl": "https://cdn1.domeggook.com/upload/banner/bestItem/22/459c967fc4d740747dffe550f10a1775.png",
    "price": "4,850원"
  },
  {
    "title": "[히트템] 개별OPP포장 캔버스 앞치마 카페/화방/공방/네일샵/미용실/미술/어린이집/마스터",
    "productUrl": "https://domeggook.com/14442314?from=popular100",
    "imageUrl": "https://cdn1.domeggook.com/upload/banner/bestItem/16/ed7419a3c139342f97a7327440130d35.png",
    "price": "3,700원"
  },
  {
    "title": "버뮤다 데님 밴딩팬츠 3color / 버뮤다팬츠 5부바지 데님바지",
    "productUrl": "https://domeggook.com/46947377?from=popular100",
    "imageUrl": "https://cdn1.domeggook.com/upload/banner/bestItem/19/ab6b63a717d60d8fd994f4a8462caec6.png",
    "price": "6,600원"
  },
  {
    "title": "최고급 킬로맥스 매트리스 KiloMax 슈퍼싱글 SS",
    "productUrl": "https://domeggook.com/56385381?from=popular100",
    "imageUrl": "https://cdn1.domeggook.com/upload/banner/bestItem/21/c17a9a18e6635cedde9644cb75e1e615.png",
    "price": "500,000원"
  },
  {
    "title": "[도매라인]*와이드양우산*/초경량 플라워 양산/미니 암막우산/양우산/자외선차단/UV차단/꽃무늬양산",
    "productUrl": "https://domeggook.com/48882757?from=popular100",
    "imageUrl": "https://cdn1.domeggook.com/upload/banner/bestItem/22/3fa0099f055ef9c640e743ebf3781d7a.png",
    "price": "3,500원"
  },
  {
    "title": "고퀄리티 노와이어 심리스 여성 초경량 브라탑 속옷 개별포장 A",
    "productUrl": "https://domeggook.com/34275303?from=popular100",
    "imageUrl": "https://cdn1.domeggook.com/upload/banner/bestItem/17/c1bae96c7521938a1a04e6f456d7c7c4.png",
    "price": "2,090원"
  },
  {
    "title": "와이드 전기그릴/전기팬/전기멀티그릴/전기후라이팬/그릴팬/전기불판/선물세트/명절선물/",
    "productUrl": "https://domeggook.com/9442199?from=popular100",
    "imageUrl": "https://cdn1.domeggook.com/upload/banner/bestItem/9/5e029d3eb08bc51f9d22e6a06ea5b17d.png",
    "price": "17,800원"
  },
  {
    "title": "충전기 스피디충전기 2.1A충전기 C타입충전기 8핀충전기 5핀충전기 가정용충전기 2.1A충전기 C타입충전기",
    "productUrl": "https://domeggook.com/8813500?from=popular100",
    "imageUrl": "https://cdn1.domeggook.com/upload/banner/bestItem/15/354809fe028143d667bd1e8e29096e87.png",
    "price": "1,780원"
  },
  {
    "title": "어린이 유아 귀요미 캐릭터 식기 식판 이유식 준비물",
    "productUrl": "https://domeggook.com/19788691?from=popular100",
    "imageUrl": "https://cdn1.domeggook.com/upload/banner/bestItem/15/a428208ec79d0f62a2f9f9d1f5fc6d1d.png",
    "price": "1,460원"
  },
  {
    "title": "(인쇄가능)캡술우산미니케이스우산 경량우산 uv우산 거꾸로우산 장우산 파스텔우산 방수커버우산 양우산 양",
    "productUrl": "https://domeggook.com/46689744?from=popular100",
    "imageUrl": "https://cdn1.domeggook.com/upload/banner/bestItem/22/19ef051f74ce9b642ef3fa31d49252b4.png",
    "price": "4,100원"
  },
  {
    "title": "러닝 벨트 런닝 가방 마라톤 플립벨트 밴드",
    "productUrl": "https://domeggook.com/51108350?from=popular100",
    "imageUrl": "https://cdn1.domeggook.com/upload/banner/bestItem/21/8f853673ec3bccbd3197ffc91cf202d2.png",
    "price": "2,450원"
  },
  {
    "title": "캐주얼 블루종 댄디 자켓 경량 바람막이 포멀 점퍼",
    "productUrl": "https://domeggook.com/29538702?from=popular100",
    "imageUrl": "https://cdn1.domeggook.com/upload/banner/bestItem/18/16c9e79625cddf12fcb6b996eb34b9c8.png",
    "price": "14,300원"
  },
  {
    "title": "리빙센스 스텐 전기 무선포트 1.8L/커피포트/전기포트/전기주전자/선물세트/판촉물/사은품/답례품/행사용품",
    "productUrl": "https://domeggook.com/18593906?from=popular100",
    "imageUrl": "https://cdn1.domeggook.com/upload/banner/bestItem/18/1e517d01b1cbf98b9b42a2fcb1857183.png",
    "price": "7,400원"
  },
  {
    "title": "[터빈선풍기] 5엽 강력한 휴대용 선풍기 귀여운 작은부피 3단계 usb 탁상용 핸디형 책상 무선 운동용 ij",
    "productUrl": "https://domeggook.com/35509802?from=popular100",
    "imageUrl": "https://cdn1.domeggook.com/upload/banner/bestItem/21/68eb623a69c336bc6b02b9126af4fde6.png",
    "price": "8,900원"
  },
  {
    "title": "대용량 4000mAh F330 넥쿨러 아이스 터보 선풍기 KC",
    "productUrl": "https://domeggook.com/55204552?from=popular100",
    "imageUrl": "https://cdn1.domeggook.com/upload/banner/bestItem/22/e5507dbb45b074866a710f1be3838439.png",
    "price": "14,500원"
  },
  {
    "title": "낙엽방지망 PE망 1M 플라스틱망 재단",
    "productUrl": "https://domeggook.com/13161231?from=popular100",
    "imageUrl": "https://cdn1.domeggook.com/upload/banner/bestItem/18/1575ef6fab84cfb68f7a77414f647ad3.png",
    "price": "6,200원"
  },
  {
    "title": "최신형) 홈히어로 트랜스포머 접이식 쇼핑카트/핸드카트/다용도 장바구니/캐리어/답례품/판촉물/홍보/",
    "productUrl": "https://domeggook.com/11820359?from=popular100",
    "imageUrl": "https://cdn1.domeggook.com/upload/banner/bestItem/11/991b2890294e3679f30fdbc4a9b04e73.png",
    "price": "9,450원"
  },
  {
    "title": "이너리즘 아이스 냉감 복대속바지 3부레깅스",
    "productUrl": "https://domeggook.com/10277805?from=popular100",
    "imageUrl": "https://cdn1.domeggook.com/upload/banner/bestItem/9/5bafb786fec9e8ec18606474d40fb338.png",
    "price": "1,700원"
  },
  {
    "title": "반자동 파라솔 2.7M 휴대용 비치 정원 테라스 낚시 캠핑 각도조절 물통미포함",
    "productUrl": "https://domeggook.com/40262788?from=popular100",
    "imageUrl": "https://cdn1.domeggook.com/upload/banner/bestItem/19/36951fa694bb4ec4552bfe70f2917972.png",
    "price": "33,970원"
  },
  {
    "title": "남성 아이스 기능성 라운드 반팔티",
    "productUrl": "https://domeggook.com/44701916?from=popular100",
    "imageUrl": "https://cdn1.domeggook.com/upload/banner/bestItem/19/7a4e2531470dfedc22f570a45c893ea1.png",
    "price": "2,500원"
  },
  {
    "title": "아이스 메쉬 트레이닝복 하의 숨쉬는바지 츄리닝 여름바지 짐웨어 헬스바지",
    "productUrl": "https://domeggook.com/44147568?from=popular100",
    "imageUrl": "https://cdn1.domeggook.com/upload/banner/bestItem/19/6bd0b8e235510e48eb751e70f9fe4e16.png",
    "price": "3,200원"
  },
  {
    "title": "[개별OPP완료] 46X40cm 대형 휴대용 장바구니 포켓 접이식장바구니 시장바구니",
    "productUrl": "https://domeggook.com/42888685?from=popular100",
    "imageUrl": "https://cdn1.domeggook.com/upload/banner/bestItem/20/eb17c4232152dbe479a3171114dd98dd.png",
    "price": "850원"
  },
  {
    "title": "고리걸이 LED 7색 무드등 핸디형 미니선풍기 휴대용 USB충전 판촉물인쇄",
    "productUrl": "https://domeggook.com/16711389?from=popular100",
    "imageUrl": "https://cdn1.domeggook.com/upload/banner/bestItem/19/9b48093cefb9f4b3455ce53f99c49a27.png",
    "price": "4,800원"
  },
  {
    "title": "[GS샵 출시특가] [메이저브랜드 리빙] [50주년 특별기획] [초저가고퀄리티 화장지 휴지] [3겹30롤 27m]",
    "productUrl": "https://domeggook.com/39763661?from=popular100",
    "imageUrl": "https://cdn1.domeggook.com/upload/banner/bestItem/19/e28b765d851b03af498733c799b4f474.png",
    "price": "7,970원"
  },
  {
    "title": "[자외선 차단] 완전자동 양산 양우산 우양산",
    "productUrl": "https://domeggook.com/45633173?from=popular100",
    "imageUrl": "https://cdn1.domeggook.com/upload/banner/bestItem/19/8217069f79e865a9ddc5fd7057b33e4c.png",
    "price": "3,380원"
  },
  {
    "title": "밑단 트임 롱 데님 스커트 슬릿 청치마 미디스커트",
    "productUrl": "https://domeggook.com/56935867?from=popular100",
    "imageUrl": "https://cdn1.domeggook.com/upload/banner/bestItem/22/b32a1bca43e6bc49762e78d534a49a9e.png",
    "price": "13,400원"
  },
  {
    "title": "이지그로우 식물재배키트 방울토마토 딸기 고수 바질 키우기",
    "productUrl": "https://domeggook.com/45088697?from=popular100",
    "imageUrl": "https://cdn1.domeggook.com/upload/banner/bestItem/20/82f564ada307991fdaada5137c93e84f.png",
    "price": "2,000원"
  },
  {
    "title": "[당일출고]등산모자 버킷햇 벙거지 햇빛가리개 접이식 남여공용 낚시 캠핑 방수 아웃도어 포켓",
    "productUrl": "https://domeggook.com/51777546?from=popular100",
    "imageUrl": "https://cdn1.domeggook.com/upload/banner/bestItem/21/9b88230f7953267ce2886b303e592063.png",
    "price": "2,390원"
  },
  {
    "title": "접이식 포켓 버킷햇 여름 벙거지 자외선차단 햇빛가리개 모자 남성 여성 야외 등산 정글 캠핑",
    "productUrl": "https://domeggook.com/47806177?from=popular100",
    "imageUrl": "https://cdn1.domeggook.com/upload/banner/bestItem/20/8fd2c5793eb45bea8bda075c6dcdba3c.png",
    "price": "2,850원"
  },
  {
    "title": "[2중압축/구름솜] 눕자마자 저세상 베개 1000g 편한베개 퀼팅베개 계절베개 2color",
    "productUrl": "https://domeggook.com/45646225?from=popular100",
    "imageUrl": "https://cdn1.domeggook.com/upload/banner/bestItem/21/dbe8e245d79532769644da18a12aabb1.png",
    "price": "4,890원"
  },
  {
    "title": "카메라 비눗방울 멜로디 자동 버블건 KC인증 배터리3개 사은품포함 어린이집 어린이날 비누방울 장난감 회",
    "productUrl": "https://domeggook.com/45881976?from=popular100",
    "imageUrl": "https://cdn1.domeggook.com/upload/banner/bestItem/19/741f0e2e57d918131d50ab6b46be7ec5.png",
    "price": "4,800원"
  },
  {
    "title": "오리가방 보온가방 보냉가방 보온보냉 가방(인쇄가능)이유식가방 어린이가방 도시락가방 캠핑가방 피크닉백",
    "productUrl": "https://domeggook.com/35558325?from=popular100",
    "imageUrl": "https://cdn1.domeggook.com/upload/banner/bestItem/18/d3e9b5cc8559dcae6a651321e355b27d.png",
    "price": "1,780원"
  },
  {
    "title": "스탠리 어드벤처 스텐레스 샷글라스 등산 캠핑 술잔컵",
    "productUrl": "https://domeggook.com/49020440?from=popular100",
    "imageUrl": "https://cdn1.domeggook.com/upload/banner/bestItem/20/fa9b67b2148664a5a47a6521b84d6749.png",
    "price": "27,300원"
  },
  {
    "title": "헤드8001 5in1제모기/각질제거기/마사지/다용도제모기/멀티면도기/여성면도기/충전용면도기/",
    "productUrl": "https://domeggook.com/16605580?from=popular100",
    "imageUrl": "https://cdn1.domeggook.com/upload/banner/bestItem/19/8c974e1e2dbfca6c4bf8890b875025ee.png",
    "price": "24,800원"
  },
  {
    "title": "KC인증 효과적인 자외선차단을 위한 3D아이스실크 넥페이스가드 골프 낚시 운전 등산 야외활동 마스크",
    "productUrl": "https://domeggook.com/55548288?from=popular100",
    "imageUrl": "https://cdn1.domeggook.com/upload/banner/bestItem/21/2a6c88ac91f635c3f0592635902c3a54.png",
    "price": "440원"
  },
  {
    "title": "[도매라인]*고급형 모던 쇼핑카트/핸드카트/접이식쇼핑카트/시장바구니/시장카트/장바구니/2단손잡이",
    "productUrl": "https://domeggook.com/3238751?from=popular100",
    "imageUrl": "https://cdn1.domeggook.com/upload/banner/bestItem/20/8ae8d1d4d3480ef9bbd05f3816536b73.png",
    "price": "6,700원"
  },
  {
    "title": "255까지 가능한 두줄라인 스니커즈 뮬",
    "productUrl": "https://domeggook.com/49291170?from=popular100",
    "imageUrl": "https://cdn1.domeggook.com/upload/banner/bestItem/20/0e127787de19363c00f78b43558dc264.png",
    "price": "9,600원"
  },
  {
    "title": "[도매라인]시원한 와이드밴딩팬츠/통바지/여름바지/밴딩바지/데일리팬츠/롱와이드팬츠/트레이닝복",
    "productUrl": "https://domeggook.com/3238219?from=popular100",
    "imageUrl": "https://cdn1.domeggook.com/upload/banner/bestItem/12/03cbe15861c6616f3f2b425775898a12.png",
    "price": "2,500원"
  },
  {
    "title": "[국내생산] 집밥 전자렌지용기 350ml A타입 전자렌지 내열밀폐용기 반찬통 냉동밥보관용기",
    "productUrl": "https://domeggook.com/44537818?from=popular100",
    "imageUrl": "https://cdn1.domeggook.com/upload/banner/bestItem/19/1f465646ca7ea15fa79ddb21872d6671.png",
    "price": "280원"
  },
  {
    "title": "남자 봄 가을 간절기 카라 긴팔티 와플 무지 티셔츠 카라티 골프티",
    "productUrl": "https://domeggook.com/45160597?from=popular100",
    "imageUrl": "https://cdn1.domeggook.com/upload/banner/bestItem/19/4a6affeb9a936f2e4a13f89fdd149e96.png",
    "price": "12,900원"
  },
  {
    "title": "KC인증 빅팬 선풍기조끼 쿨조끼 선풍기옷 DD-12830",
    "productUrl": "https://domeggook.com/49104941?from=popular100",
    "imageUrl": "https://cdn1.domeggook.com/upload/banner/bestItem/21/ed351860c5da5321a16740d388db536e.png",
    "price": "24,700원"
  },
  {
    "title": "무선 미니 손선풍기 핸디팬 LED 각도조절 선풍기",
    "productUrl": "https://domeggook.com/39462057?from=popular100",
    "imageUrl": "https://cdn1.domeggook.com/upload/banner/bestItem/19/5de366e8e124472e301e12a13745f82d.png",
    "price": "6,600원"
  },
  {
    "title": "쿨반바지 휴가바지 남자 여름 반바지 5부 스판 밴딩 편한 바지",
    "productUrl": "https://domeggook.com/39859445?from=popular100",
    "imageUrl": "https://cdn1.domeggook.com/upload/banner/bestItem/19/a7cbdaf334a8e44e549a0636874f04a0.png",
    "price": "4,600원"
  },
  {
    "title": "[도매라인]*여름용 작업조끼/망사작업조끼/여름 메쉬조끼/현장조끼/작업복/안전조끼/여름작업복/형광조끼",
    "productUrl": "https://domeggook.com/3256160?from=popular100",
    "imageUrl": "https://cdn1.domeggook.com/upload/banner/bestItem/21/beef7abf403e5599f4766262a738a5d1.png",
    "price": "5,200원"
  },
  {
    "title": "댄디와플 카라티셔츠 4color / 간절기티셔츠 남성카라티",
    "productUrl": "https://domeggook.com/44642098?from=popular100",
    "imageUrl": "https://cdn1.domeggook.com/upload/banner/bestItem/19/ab7b138af118a530723fc33f4f834b9c.png",
    "price": "9,900원"
  },
  {
    "title": "에이블팩토리 레자단화 간호화 학생실내화 간호사신발 병원 실내화",
    "productUrl": "https://domeggook.com/8835305?from=popular100",
    "imageUrl": "https://cdn1.domeggook.com/upload/banner/bestItem/8/dd3a7c15863685341cd013c4387b3c24.png",
    "price": "4,700원"
  },
  {
    "title": "유치보관함 십이간지 유치 보관함 돌선물 DIY 어린이집 유치원 아동 선물",
    "productUrl": "https://domeggook.com/56453073?from=popular100",
    "imageUrl": "https://cdn1.domeggook.com/upload/banner/bestItem/22/c7fd4ab07b9af4db15b8d35566022b7f.png",
    "price": "45,000원"
  },
  {
    "title": "시원한 서빙고 바지 2type / 여름 메쉬바지",
    "productUrl": "https://domeggook.com/33855150?from=popular100",
    "imageUrl": "https://cdn1.domeggook.com/upload/banner/bestItem/18/d6b986b9f96ba36574ecefe4bd18da0f.png",
    "price": "3,500원"
  },
  {
    "title": "[도매라인] 파스텔우산 투명 비닐우산 원터치우산 반투명우산 패션우산 초경량우산 튼튼한우산 자동우산",
    "productUrl": "https://domeggook.com/4576389?from=popular100",
    "imageUrl": "https://cdn1.domeggook.com/upload/banner/bestItem/19/42090c2bb3d3634601a31998fab8c278.png",
    "price": "1,300원"
  },
  {
    "title": "KC인증 3D마스크 자외선차단 햇빛가리개 마스크 귀걸이형 마스크",
    "productUrl": "https://domeggook.com/55990004?from=popular100",
    "imageUrl": "https://cdn1.domeggook.com/upload/banner/bestItem/21/27b52e92b1c7c9c213aec3f3d1818762.png",
    "price": "650원"
  },
  {
    "title": "샌디스크 MicroSDXC Class10 ULTRA 64GB SQUNR 블랙박스 口우체국 택배 당일발송口",
    "productUrl": "https://domeggook.com/45989833?from=popular100",
    "imageUrl": "https://cdn1.domeggook.com/upload/banner/bestItem/22/3554e663c2bfae59a81cf81004aa6082.png",
    "price": "7,260원"
  },
  {
    "title": "슬림끈 걸스 심리스 노와이어 브라 브래지어 속옷 여성 언더웨어 어깨끈조정가능",
    "productUrl": "https://domeggook.com/45255896?from=popular100",
    "imageUrl": "https://cdn1.domeggook.com/upload/banner/bestItem/19/3a78400ce841b0b68949c4281b2f16a9.png",
    "price": "3,200원"
  },
  {
    "title": "우산 양산 양우산 자동우산 초경량 접이식우산 원터치 휴대용우산 자외선차단 UV차단 미니 방수 방풍 암막",
    "productUrl": "https://domeggook.com/53554992?from=popular100",
    "imageUrl": "https://cdn1.domeggook.com/upload/banner/bestItem/21/2a18ec7df07549e9c7e00123ccd2bcb9.png",
    "price": "4,190원"
  },
  {
    "title": "미니경량핸디선풍기 휴대용 무선선풍기 손선풍기",
    "productUrl": "https://domeggook.com/46829914?from=popular100",
    "imageUrl": "https://cdn1.domeggook.com/upload/banner/bestItem/19/88e5091e8d8788cc23c71699c6fffbb0.png",
    "price": "3,300원"
  },
  {
    "title": "긴팔 카라 티셔츠 골프 피케티셔츠 무지 PK 긴팔 상의",
    "productUrl": "https://domeggook.com/40620182?from=popular100",
    "imageUrl": "https://cdn1.domeggook.com/upload/banner/bestItem/18/580a8131f12c20c38b6450b495ff36a5.png",
    "price": "12,100원"
  },
  {
    "title": "[더큰혜택] [기술평가 우수기업] 국산 전자렌지 밀폐용기 집밥 쿡플러스 점보1호 6종12P 스티커무료",
    "productUrl": "https://domeggook.com/8844459?from=popular100",
    "imageUrl": "https://cdn1.domeggook.com/upload/banner/bestItem/15/2ac53c9788b573f5116241174b41b1b1.png",
    "price": "4,690원"
  },
  {
    "title": "틈새막이 모풍지판 틈마기/ 문풍지 방풍 창문바람막이",
    "productUrl": "https://domeggook.com/6988126?from=popular100",
    "imageUrl": "https://cdn1.domeggook.com/upload/banner/bestItem/5/4cdf22dec4313936abaabb6b32c534d3.png",
    "price": "1,980원"
  },
  {
    "title": "(인쇄가능)5단 조절 강풍 LED 미니선풍기 휴대용 탁상용 목걸이 핸디 선풍기",
    "productUrl": "https://domeggook.com/47405923?from=popular100",
    "imageUrl": "https://cdn1.domeggook.com/upload/banner/bestItem/19/9849d3daa75c4d628983012efef1b70c.png",
    "price": "5,500원"
  },
  {
    "title": "접이식 플랩캡 자외선 차단 모자 남여 공용 등산 골프 낚시 물놀이 캠핑 남자 여자",
    "productUrl": "https://domeggook.com/45709747?from=popular100",
    "imageUrl": "https://cdn1.domeggook.com/upload/banner/bestItem/19/6d92d6d7a17f59dc31ca009dbbb09b88.png",
    "price": "3,800원"
  },
  {
    "title": "남자 링클프리스판 여름 슬랙스팬츠 냉감바지",
    "productUrl": "https://domeggook.com/34786791?from=popular100",
    "imageUrl": "https://cdn1.domeggook.com/upload/banner/bestItem/18/425a22a7b9c88145f2afa93e541a7646.png",
    "price": "6,200원"
  },
  {
    "title": "[ANB7]103종/봄가을/고급실크스카프/70*70/머플러/여행용품/목도리/판촉물/사은품",
    "productUrl": "https://domeggook.com/45236874?from=popular100",
    "imageUrl": "https://cdn1.domeggook.com/upload/banner/bestItem/21/08e5b33135b924b50b1b07f44bbfa973.png",
    "price": "1,250원"
  },
  {
    "title": "남녀 빈티지 포인트라벨 캔버스면 심플 벙거지 버킷햇",
    "productUrl": "https://domeggook.com/56323675?from=popular100",
    "imageUrl": "https://cdn1.domeggook.com/upload/banner/bestItem/22/78c9627dc0296800ac15cf4b2b197fc7.png",
    "price": "10,600원"
  },
  {
    "title": "카카오프렌즈 랜덤캐릭터 문구선물 A세트",
    "productUrl": "https://domeggook.com/41528251?from=popular100",
    "imageUrl": "https://cdn1.domeggook.com/upload/banner/bestItem/22/0ac407ef0a08c2781feb18b61369dbda.png",
    "price": "10,500원"
  },
  {
    "title": "하트스티커",
    "productUrl": "https://domeggook.com/49184382?from=popular100",
    "imageUrl": "https://cdn1.domeggook.com/upload/banner/bestItem/20/c7caae05132a8999123bf848c325e59a.png",
    "price": "5,000원"
  },
  {
    "title": "[민메이커] 마스크걸이 썬캡 벙거지모자 여성 여자 골프 여름 바캉스 버킷햇 보닛 돌돌이 방수 (당일출고)",
    "productUrl": "https://domeggook.com/47001627?from=popular100",
    "imageUrl": "https://cdn1.domeggook.com/upload/banner/bestItem/21/e66dc3ad58f45d63ceade9afce53541d.png",
    "price": "1,790원"
  },
  {
    "title": "[도매라인]*고급 거꾸로 3단자동우산/10K 자외선차단/접이식 자동우산/양우산/암막우산/거꾸로접히는 우산",
    "productUrl": "https://domeggook.com/3234590?from=popular100",
    "imageUrl": "https://cdn1.domeggook.com/upload/banner/bestItem/22/430bb3978ed6d01735f87cc4294e76fc.png",
    "price": "6,390원"
  },
  {
    "title": "준캡 유아 아동 어린이 기린호루라기메쉬챙 봄 여름 가을 자외선차단 챙모자 돌돌이 벙거지 귀여운모자",
    "productUrl": "https://domeggook.com/25143667?from=popular100",
    "imageUrl": "https://cdn1.domeggook.com/upload/banner/bestItem/18/c19095ffd5ffc26db96f2b5bbefc0371.png",
    "price": "5,900원"
  },
  {
    "title": "8부 꽃무늬 플리츠 아이스 팬츠 쿨링 냉감 촌캉스 할머니 몸빼 여름 여자 여성 냉장고 고무줄 바지",
    "productUrl": "https://domeggook.com/56328723?from=popular100",
    "imageUrl": "https://cdn1.domeggook.com/upload/banner/bestItem/21/abe5b1cda8349957382fc347d3a0bbe9.png",
    "price": "3,200원"
  },
  {
    "title": "현대 기아 쉐보레 르노 삼성 하이브리드 발수코팅 와이퍼 교체",
    "productUrl": "https://domeggook.com/44389546?from=popular100",
    "imageUrl": "https://cdn1.domeggook.com/upload/banner/bestItem/19/caa9f23b0e855d9db7bae0d50ec2e60c.png",
    "price": "1,500원"
  },
  {
    "title": "파파 LED와이드스탠드 500S (화이트) / 학습용 사무용",
    "productUrl": "https://domeggook.com/8471582?from=popular100",
    "imageUrl": "https://cdn1.domeggook.com/upload/banner/bestItem/10/1d7d4000d8ac0a3d0bd157e95a6b9f34.png",
    "price": "46,500원"
  },
  {
    "title": "[도매라인] 16살대 고급 튼튼한 파스텔 솔리드장우산/2단우산/자동우산/경량 장우산/대형우산/우양산",
    "productUrl": "https://domeggook.com/3221862?from=popular100",
    "imageUrl": "https://cdn1.domeggook.com/upload/banner/bestItem/21/00796aab8571bf9ad26392908df16d79.png",
    "price": "4,680원"
  },
  {
    "title": "후르츠팟 과일도시락통3세대/판촉물/행사기념품",
    "productUrl": "https://domeggook.com/49399557?from=popular100",
    "imageUrl": "https://cdn1.domeggook.com/upload/banner/bestItem/21/f230de4dea301cf824308d3d00a5f27b.png",
    "price": "7,000원"
  },
  {
    "title": "듀랄류민4단등산스틱/i자형/T자형/등산지팡이/등산스틱/4단스틱",
    "productUrl": "https://domeggook.com/43769750?from=popular100",
    "imageUrl": "https://cdn1.domeggook.com/upload/banner/bestItem/19/8e4c0e442a4ce751f7d812dcff6b2890.png",
    "price": "2,750원"
  },
  {
    "title": "남성 아이스 기능성 라운드 반팔 티셔츠",
    "productUrl": "https://domeggook.com/55986901?from=popular100",
    "imageUrl": "https://cdn1.domeggook.com/upload/banner/bestItem/21/21574093a554cdde58d2c1c78fc7b7cb.png",
    "price": "2,500원"
  },
  {
    "title": "우리나라 여행지도 + 핀스티커 - 대한민국 전국 국내 관광 도로 대형 포스터",
    "productUrl": "https://domeggook.com/13528138?from=popular100",
    "imageUrl": "https://cdn1.domeggook.com/upload/banner/bestItem/17/944405c34d945adb9d6016f9827cc956.png",
    "price": "11,100원"
  },
  {
    "title": "좁은 오피스 데스크 서류보관 파티션걸이 메탈 선반",
    "productUrl": "https://domeggook.com/21712610?from=popular100",
    "imageUrl": "https://cdn1.domeggook.com/upload/banner/bestItem/17/ced7db6fc2bb92d26d44e6a5e906d580.png",
    "price": "15,880원"
  },
  {
    "title": "(초특가)블럭피규어시계2종/360도회전/길이조절/75%할인/어린이날선물사은품/장난감/아동",
    "productUrl": "https://domeggook.com/10304817?from=popular100",
    "imageUrl": "https://cdn1.domeggook.com/upload/banner/bestItem/21/2a10e679e72efa0d225cc3672ebde02d.png",
    "price": "2,660원"
  },
  {
    "title": "캡보닛햇 썬캡 버킷햇 여성 모자 여름 골프 운동 야외 스포츠 모자",
    "productUrl": "https://domeggook.com/46151635?from=popular100",
    "imageUrl": "https://cdn1.domeggook.com/upload/banner/bestItem/21/429077aa15e56f5195cd282901de3313.png",
    "price": "1,850원"
  },
  {
    "title": "이너리즘 에어 시원하고 편한 쿨 모달나시",
    "productUrl": "https://domeggook.com/10376318?from=popular100",
    "imageUrl": "https://cdn1.domeggook.com/upload/banner/bestItem/10/3fb9433c073759850837c8ac7e42ea31.png",
    "price": "1,590원"
  },
  {
    "title": "kc인증/탁상용선풍기/usb선풍기/미니선풍기/휴대용선풍기/듀얼선풍기",
    "productUrl": "https://domeggook.com/24194880?from=popular100",
    "imageUrl": "https://cdn1.domeggook.com/upload/banner/bestItem/8/73940b3b7cf643b15cf76717bd3e7dc0.png",
    "price": "9,500원"
  },
  {
    "title": "JX-10290물결무늬 화장고화질 학생 기숙사 ins 데스크톱 접기 가능 벽걸이 화장거울",
    "productUrl": "https://domeggook.com/48020216?from=popular100",
    "imageUrl": "https://cdn1.domeggook.com/upload/banner/bestItem/21/9f886e960513b7b64bad1a0b62852e20.png",
    "price": "1,850원"
  },
  {
    "title": "스마일 가슴가방 숄더백 러블리 베이비 야외 나들이 가방 R420",
    "productUrl": "https://domeggook.com/43745498?from=popular100",
    "imageUrl": "https://cdn1.domeggook.com/upload/banner/bestItem/19/bfd8434d84d08487192b436885a2446d.png",
    "price": "1,600원"
  },
  {
    "title": "제이몰 가을 봄 트렌치코트/정장자켓/여자점퍼",
    "productUrl": "https://domeggook.com/10941225?from=popular100",
    "imageUrl": "https://cdn1.domeggook.com/upload/banner/bestItem/10/b595f5d5a58930c4d1369a88b8494bc2.png",
    "price": "29,500원"
  },
  {
    "title": "레인보우 비닐우산 원터치 장우산 패션우산 파스텔우산 초경량우산 튼튼한우산 내구성 고급EVA 자동우산",
    "productUrl": "https://domeggook.com/47651886?from=popular100",
    "imageUrl": "https://cdn1.domeggook.com/upload/banner/bestItem/20/101a6d6cfa45ad6200be0a736ddc91c5.png",
    "price": "1,350원"
  },
  {
    "title": "[POIPOI] 가방 힙색 크로스 바디 메신져 슬링백 여행 허리가방 스포츠 백 힙슬링백 판촉 인쇄",
    "productUrl": "https://domeggook.com/54838675?from=popular100",
    "imageUrl": "https://cdn1.domeggook.com/upload/banner/bestItem/21/8a38fcaaf42f84ba00d249dd5827f1d3.png",
    "price": "3,900원"
  },
  {
    "title": "[당일발송] 여름 햇빛 가리개 자외선 차단 농사 농부 농촌 밭일 농모 작업 여자 꽃무늬 모자",
    "productUrl": "https://domeggook.com/36716159?from=popular100",
    "imageUrl": "https://cdn1.domeggook.com/upload/banner/bestItem/14/761b5356703233275a2c51838abf2c53.png",
    "price": "1,700원"
  },
  {
    "title": "[노네타] 70X70 쁘띠 패턴 실크 스카프 21종 봄 가을 스카프 선물포장박스 옵션구성",
    "productUrl": "https://domeggook.com/45692792?from=popular100",
    "imageUrl": "https://cdn1.domeggook.com/upload/banner/bestItem/21/2fe1eef29a6fc387a6bf585cf06be566.png",
    "price": "1,250원"
  },
  {
    "title": "[ANB7]왕골슬리퍼/거실화/바캉스용품/EVA/실내화/사은품/판촉물/신발",
    "productUrl": "https://domeggook.com/7894594?from=popular100",
    "imageUrl": "https://cdn1.domeggook.com/upload/banner/bestItem/14/9ed3e6cc0b268c88343d3438abf8fd62.png",
    "price": "2,500원"
  },
  {
    "title": "오리 보온보냉백",
    "productUrl": "https://domeggook.com/3302943?from=popular100",
    "imageUrl": "https://cdn1.domeggook.com/upload/banner/bestItem/18/6098c348f997ba44a5e56d87b6cbc05f.png",
    "price": "1,650원"
  },
  {
    "title": "보조배터리 모디스보조배터리 5000보조배터리 C타입보조배터리 8핀보조배터리 미니보조배터리 보조베터리",
    "productUrl": "https://domeggook.com/9360167?from=popular100",
    "imageUrl": "https://cdn1.domeggook.com/upload/banner/bestItem/20/d0dd49419593d50e8791185d635c672d.png",
    "price": "4,500원"
  },
  {
    "title": "EVA 남여 스트랩 슬리퍼",
    "productUrl": "https://domeggook.com/47599628?from=popular100",
    "imageUrl": "https://cdn1.domeggook.com/upload/banner/bestItem/20/46000e829afd0ceef231ee05daed59e5.png",
    "price": "4,500원"
  },
  {
    "title": "국산 시어서커 시원한 냉감 여름 시어서커 누빔이불",
    "productUrl": "https://domeggook.com/47413967?from=popular100",
    "imageUrl": "https://cdn1.domeggook.com/upload/banner/bestItem/22/fc554f2af37c3f26f345d3117a6409a4.png",
    "price": "19,500원"
  },
  {
    "title": "꼬미 사시미칼 회칼 데바칼 GG315",
    "productUrl": "https://domeggook.com/33323482?from=popular100",
    "imageUrl": "https://cdn1.domeggook.com/upload/banner/bestItem/21/b2961789d4d5da7dc31b834a839e26c4.png",
    "price": "3,040원"
  },
  {
    "title": "남녀공용 와이드 데님 밴딩팬츠 3color 3size / 청바지 데님바지 밴딩바지",
    "productUrl": "https://domeggook.com/49204755?from=popular100",
    "imageUrl": "https://cdn1.domeggook.com/upload/banner/bestItem/20/7f80aacfaa84df4ce456eb88c78191d7.png",
    "price": "8,900원"
  },
  {
    "title": "(최저가1980원)슬라임세트/슬라임만들기/어린이날선물사은품/아동/장난감",
    "productUrl": "https://domeggook.com/8094732?from=popular100",
    "imageUrl": "https://cdn1.domeggook.com/upload/banner/bestItem/7/cf5236c1ba20b61aeaaa8c3e8844deb3.png",
    "price": "1,980원"
  },
  {
    "title": "범피거치미니선풍기 휴대용 무선선풍기 손선풍기",
    "productUrl": "https://domeggook.com/37370507?from=popular100",
    "imageUrl": "https://cdn1.domeggook.com/upload/banner/bestItem/18/e0a19785cafbcde5acb3f15d2a9b7539.png",
    "price": "2,100원"
  },
  {
    "title": "[ANB7]9종/포켓 접이식모자/아웃도어모자/포켓모자/사은품/판촉물/등산모자/낚시용품",
    "productUrl": "https://domeggook.com/39254217?from=popular100",
    "imageUrl": "https://cdn1.domeggook.com/upload/banner/bestItem/21/762d7f4cbcfb1ce3f5177957f2891dfb.png",
    "price": "2,200원"
  }
]