[{"name":"이지마켓B2B","category":"종합","siteUrl":"https:\/\/www.ezmarketb2b.com\/","logoUrl":"https:\/\/logo.clearbit.com\/www.ezmarketb2b.com","summary":"생활용품이 강점과 다양한 시즌 상품들을 빠르게 보유"},{"name":"도매토피아","category":"종합","siteUrl":"https:\/\/www.dometopia.com\/page\/index?tpl=etc\/school_25.html","logoUrl":"https:\/\/logo.clearbit.com\/www.dometopia.com","summary":"대한민국 최대 도매 쇼핑몰"},{"name":"JC커머스","category":"종합","siteUrl":"https:\/\/m.jobkorea.co.kr\/Recruit\/Co_Read\/C\/jcsapps","logoUrl":"https:\/\/logo.clearbit.com\/m.jobkorea.co.kr","summary":"수많은 입점상품을 한방에 볼 수 있는 곳"},{"name":"바나나B2B","category":"종합","siteUrl":"https:\/\/banana.parts\/","logoUrl":"https:\/\/logo.clearbit.com\/banana.parts","summary":"https:\/\/banana.parts\/"},{"name":"윈윈마켓","category":"종합","siteUrl":"http:\/\/www.saramin.co.kr\/zf_user\/company-info\/view?csn=QVJ3UEtRZ0dPeExWeEZ1YWZodkJ3Zz09","logoUrl":"https:\/\/logo.clearbit.com\/www.saramin.co.kr","summary":"주방 및 식기 부자재 전문 도매몰"},{"name":"B2B총판 하나로 도매몰","category":"종합","siteUrl":"http:\/\/www.e2news.com\/news\/articleView.html?idxno=219499","logoUrl":"https:\/\/logo.clearbit.com\/www.e2news.com","summary":"어딘가 들어본 제품은 다있다"},{"name":"펀타스틱","category":"종합","siteUrl":"https:\/\/programs.sbs.co.kr\/enter\/fantastic\/main","logoUrl":"https:\/\/logo.clearbit.com\/programs.sbs.co.kr","summary":"깔끔한 상세페이지가 강점"},{"name":"펀앤","category":"종합","siteUrl":"https:\/\/funbridge.co.kr\/","logoUrl":"https:\/\/logo.clearbit.com\/funbridge.co.kr","summary":"유용한 솔루션제공 다양한상품은 덤"},{"name":"스페셜오퍼","category":"종합","siteUrl":"https:\/\/www.hyatt.com\/grand-hyatt\/ko-KR\/selrs-grand-hyatt-seoul\/offers","logoUrl":"https:\/\/logo.clearbit.com\/www.hyatt.com","summary":"친절한 설명 상품DB다운까지"},{"name":"오너클랜","category":"종합","siteUrl":"http:\/\/www.ownerclan.com\/","logoUrl":"https:\/\/logo.clearbit.com\/www.ownerclan.com","summary":"오너를 위한 쇼핑 클랜"},{"name":"도매파트너","category":"종합","siteUrl":"https:\/\/www.exportvoucher.com\/pto\/svm\/serviceMenuDetail?svcInfoSeq=17626","logoUrl":"https:\/\/logo.clearbit.com\/www.exportvoucher.com","summary":"유아부터 주방 오피스까지 종합 도매몰"},{"name":"투스토리","category":"종합","siteUrl":"https:\/\/m.jobkorea.co.kr\/Recruit\/Co_Read\/C\/motherc","logoUrl":"https:\/\/logo.clearbit.com\/m.jobkorea.co.kr","summary":"깔끔한 상세페이지 대량구매할인"},{"name":"마이도매","category":"종합","siteUrl":"https:\/\/at.agromarket.kr\/","logoUrl":"https:\/\/logo.clearbit.com\/at.agromarket.kr","summary":"위탁배송 수입대행 창업상담"},{"name":"리빙츄","category":"종합","siteUrl":"https:\/\/ideashower.tistory.com\/entry\/%EC%9C%84%ED%83%81%ED%8C%90%EB%A7%A4-%EB%8F%84%EB%A7%A4%EC%82%AC%EC%9D%B4%ED%8A%B8-100%EA%B0%9C-%EB%AA%A8%EC%9D%8C","logoUrl":"https:\/\/logo.clearbit.com\/ideashower.tistory.com","summary":"It 주변기기 제품 다량 보유"},{"name":"초이템","category":"종합","siteUrl":"https:\/\/ideashower.tistory.com\/entry\/%EC%9C%84%ED%83%81%ED%8C%90%EB%A7%A4-%EB%8F%84%EB%A7%A4%EC%82%AC%EC%9D%B4%ED%8A%B8-100%EA%B0%9C-%EB%AA%A8%EC%9D%8C","logoUrl":"https:\/\/logo.clearbit.com\/ideashower.tistory.com","summary":"자체 PB 상품까지 보유중인 종합 도매몰"},{"name":"도매포유","category":"종합","siteUrl":"https:\/\/www.ggsan.com\/board\/list.php?bdId=dunk1","logoUrl":"https:\/\/logo.clearbit.com\/www.ggsan.com","summary":"정말 기본적인 아이템을 싸게 구매"},{"name":"도매꾹","category":"종합","siteUrl":"https:\/\/domeggook.com\/","logoUrl":"https:\/\/logo.clearbit.com\/domeggook.com","summary":"대한민국 1위 돈버는 쇼핑 도매꾹"},{"name":"PQ B2B","category":"종합","siteUrl":"https:\/\/yeogie.com\/nProd\/4453","logoUrl":"https:\/\/logo.clearbit.com\/yeogie.com","summary":"신흥강자로 떠오르는 도매몰"},{"name":"도매로","category":"종합","siteUrl":"https:\/\/at.agromarket.kr\/","logoUrl":"https:\/\/logo.clearbit.com\/at.agromarket.kr","summary":"새롭게 떠오르는 도매 플랫폼"},{"name":"스피드몰","category":"종합","siteUrl":"https:\/\/kr.puma.com\/","logoUrl":"https:\/\/logo.clearbit.com\/kr.puma.com","summary":"https:\/\/kr.puma.com\/"},{"name":"B2B메카","category":"종합","siteUrl":"https:\/\/www.b2bmecca.co.kr\/member\/memberJoin","logoUrl":"https:\/\/logo.clearbit.com\/www.b2bmecca.co.kr","summary":"다양한 제품을 가진 사업자 특판몰"},{"name":"미래아울렛","category":"종합","siteUrl":"http:\/\/www.mariooutlet.co.kr\/Information\/NewsView?BOARD_CD=180423165559332TLGOM","logoUrl":"https:\/\/logo.clearbit.com\/www.mariooutlet.co.kr","summary":"주방용품 전문 대표 도매쇼핑몰"},{"name":"고고비투비","category":"종합","siteUrl":"https:\/\/gogob2b.co.kr\/article\/%EC%82%AC%EC%97%85%EC%9E%90%EC%9D%B8%EC%A6%9D%EC%8B%A0%EC%B2%AD\/2\/1188\/","logoUrl":"https:\/\/logo.clearbit.com\/gogob2b.co.kr","summary":"위탁도매 전문 사이트"},{"name":"리빙잇템","category":"종합","siteUrl":"https:\/\/www.livingittem.com\/","logoUrl":"https:\/\/logo.clearbit.com\/www.livingittem.com","summary":"아기자기한 생활용품 전문"},{"name":"도매온","category":"종합","siteUrl":"https:\/\/www.onch3.co.kr\/index.php","logoUrl":"https:\/\/logo.clearbit.com\/www.onch3.co.kr","summary":"B TO B 배송대행 생활용품 끝판왕"},{"name":"투비즈온","category":"종합","siteUrl":"https:\/\/www.tobizon.co.kr\/upfile\/guide\/sellpang.pdf","logoUrl":"https:\/\/logo.clearbit.com\/www.tobizon.co.kr","summary":"종합 카테고리 다양한 제품 판매"},{"name":"온채널","category":"종합","siteUrl":"https:\/\/www.onch3.co.kr\/index.php","logoUrl":"https:\/\/logo.clearbit.com\/www.onch3.co.kr","summary":"이커머스 시작의 출발점"},{"name":"셀러즈","category":"종합","siteUrl":"https:\/\/www.i-boss.co.kr\/ab-6141-36904","logoUrl":"https:\/\/logo.clearbit.com\/www.i-boss.co.kr","summary":"생활용품에 스포츠용품까지"},{"name":"비바데이","category":"종합","siteUrl":"https:\/\/namu.wiki\/w\/%EA%B5%BF%EB%8D%B0%EC%9D%B4(%EC%95%84%EC%9D%B4%EB%8F%8C)","logoUrl":"https:\/\/logo.clearbit.com\/namu.wiki","summary":"음료부터 생수까지도 있는 도매사이트"},{"name":"도매매","category":"종합","siteUrl":"https:\/\/domemedb.domeggook.com\/index\/?fromOversea=2","logoUrl":"https:\/\/logo.clearbit.com\/domemedb.domeggook.com","summary":"배송대행 B2B서비스 도매매"},{"name":"도매 B2B","category":"종합","siteUrl":"https:\/\/domemedb.domeggook.com\/index\/?fromOversea=2","logoUrl":"https:\/\/logo.clearbit.com\/domemedb.domeggook.com","summary":"화장품 위탁배송쇼핑몰"},{"name":"필우커머스","category":"종합","siteUrl":"https:\/\/busandandi.tistory.com\/entry\/%EC%B4%88%EB%B3%B4-%EC%98%A8%EB%9D%BC%EC%9D%B8-%EC%87%BC%ED%95%91%EB%AA%B0-%EC%98%A4%ED%94%88%EB%A7%88%EC%BC%93-%EB%8F%84%EB%A7%A4%EC%B2%98-%EC%B6%94%EC%B2%9C-%ED%95%84%EC%9A%B0%EC%BB%A4%EB%A8%B8%EC%8A%A4","logoUrl":"https:\/\/logo.clearbit.com\/busandandi.tistory.com","summary":"판매에 도움되는 매일 업데이트되는 공지"},{"name":"셀러이음","category":"종합","siteUrl":"https:\/\/www.sellerclip.kr\/service\/private.php","logoUrl":"https:\/\/logo.clearbit.com\/www.sellerclip.kr","summary":"판촉물부터 브랜딩된 제품까지"},{"name":"스몰해피 B2B","category":"종합","siteUrl":"https:\/\/www.nia.or.kr\/common\/board\/Download.do?bcIdx=18265&cbIdx=26537&fileNo=2","logoUrl":"https:\/\/logo.clearbit.com\/www.nia.or.kr","summary":"믿을만한 직수입 도매처 전상품자체보유"},{"name":"셀러집합소","category":"종합","siteUrl":"https:\/\/sellerocean.com\/wholesale_agency\/10192870","logoUrl":"https:\/\/logo.clearbit.com\/sellerocean.com","summary":"셀러,공구,도매,소매,유통,B2B,위탁"},{"name":"원스톱도매","category":"종합","siteUrl":"https:\/\/domemedb.domeggook.com\/index\/static\/domeggookOtherEvent.php","logoUrl":"https:\/\/logo.clearbit.com\/domemedb.domeggook.com","summary":"상품 소싱부터 배송, CS까지!\n원스톱으로 해결하는 풀필먼트 도매사이트, 원스톱도매!"},{"name":"비품넷","category":"생활","siteUrl":"https:\/\/thevc.kr\/yanoljapartners","logoUrl":"https:\/\/logo.clearbit.com\/thevc.kr","summary":"각종 비품과 소모품 전문 도매몰"},{"name":"프롬비아이","category":"생활","siteUrl":"https:\/\/blog.naver.com\/popopo2013\/223141573645","logoUrl":"https:\/\/logo.clearbit.com\/blog.naver.com","summary":"승인요청 필수 빠른배송 프롬비아이"},{"name":"핑크도매돼지","category":"생활","siteUrl":"http:\/\/www.jsdome.co.kr\/shop\/service\/customer.php","logoUrl":"https:\/\/logo.clearbit.com\/www.jsdome.co.kr","summary":"http:\/\/www.jsdome.co.kr\/shop\/service\/customer.php"},{"name":"투썬플래닛","category":"생활","siteUrl":"https:\/\/www.twosome.co.kr\/","logoUrl":"https:\/\/logo.clearbit.com\/www.twosome.co.kr","summary":"다양한 시즌가전 전문 도매몰"},{"name":"이디나몰","category":"생활","siteUrl":"https:\/\/insidy.co.kr\/member\/join.html","logoUrl":"https:\/\/logo.clearbit.com\/insidy.co.kr","summary":"테이블웨어 전문 도매몰"},{"name":"준앤온B2B","category":"생활","siteUrl":"https:\/\/www.junnon.co.kr\/service\/private.php","logoUrl":"https:\/\/logo.clearbit.com\/www.junnon.co.kr","summary":"건강과 아름다움 모두를 챙길 수 있는 곳"},{"name":"위하여","category":"생활","siteUrl":"https:\/\/www.khgames.co.kr\/news\/articleView.html?idxno=223055","logoUrl":"https:\/\/logo.clearbit.com\/www.khgames.co.kr","summary":"깔끔한 주방을 위한 생활도매"},{"name":"리빙나인","category":"생활","siteUrl":"https:\/\/www.luxninemall.co.kr\/article\/faq\/3\/2384\/","logoUrl":"https:\/\/logo.clearbit.com\/www.luxninemall.co.kr","summary":"수납 정리 주방과 생활 리빙나인"},{"name":"홈타운지","category":"생활","siteUrl":"https:\/\/ideashower.tistory.com\/entry\/%EC%9C%84%ED%83%81%ED%8C%90%EB%A7%A4-%EB%8F%84%EB%A7%A4%EC%82%AC%EC%9D%B4%ED%8A%B8-100%EA%B0%9C-%EB%AA%A8%EC%9D%8C","logoUrl":"https:\/\/logo.clearbit.com\/ideashower.tistory.com","summary":"완전 아기자기 그릇과 컵 홈타운지"},{"name":"도매콜","category":"생활","siteUrl":"https:\/\/kakaolove.tistory.com\/entry\/%EB%8F%84%EB%A7%A4%EB%A7%A4-%EA%B3%A0%EA%B0%9D%EC%84%BC%ED%84%B0-%EC%A0%84%ED%99%94%EB%B2%88%ED%98%B8-%ED%99%88%ED%8E%98%EC%9D%B4%EC%A7%80-%EB%B0%94%EB%A1%9C%EA%B0%80%EA%B8%B0httpsdomemedbdomeggookcomindex","logoUrl":"https:\/\/logo.clearbit.com\/kakaolove.tistory.com","summary":"매월 300가지 신상 입고!"},{"name":"올댓라이프","category":"생활","siteUrl":"http:\/\/www.ateurolife.co.kr\/","logoUrl":"https:\/\/logo.clearbit.com\/www.ateurolife.co.kr","summary":"상품 제작 수입대행 전문"},{"name":"세인몰","category":"생활","siteUrl":"http:\/\/seincp.com\/index.html","logoUrl":"https:\/\/logo.clearbit.com\/seincp.com","summary":"세계가 인정하는 라이프브랜드 도매몰"},{"name":"제이키친","category":"생활","siteUrl":"https:\/\/story.kakao.com\/ch\/j-kitchen","logoUrl":"https:\/\/logo.clearbit.com\/story.kakao.com","summary":"수입 주방용품 전문"},{"name":"컵앤컵 도매","category":"생활","siteUrl":"http:\/\/unioner.duckdns.org\/?p=1851","logoUrl":"https:\/\/logo.clearbit.com\/unioner.duckdns.org","summary":"컵 용기는 컵앤컵"},{"name":"티제이도매","category":"생활","siteUrl":"https:\/\/blog.naver.com\/tjdome","logoUrl":"https:\/\/logo.clearbit.com\/blog.naver.com","summary":"수입 생활용품 티제이"},{"name":"크레이지리스트","category":"생활","siteUrl":"https:\/\/www.crazyhouse.vn\/","logoUrl":"https:\/\/logo.clearbit.com\/www.crazyhouse.vn","summary":"포장박스 제작까지 도와주는 크레이지리스트"},{"name":"지니웰B2B","category":"식품","siteUrl":"https:\/\/ideashower.tistory.com\/entry\/%EC%9C%84%ED%83%81%ED%8C%90%EB%A7%A4-%EB%8F%84%EB%A7%A4%EC%82%AC%EC%9D%B4%ED%8A%B8-100%EA%B0%9C-%EB%AA%A8%EC%9D%8C","logoUrl":"https:\/\/logo.clearbit.com\/ideashower.tistory.com","summary":"슈퍼푸드 전문 도매"},{"name":"미성비즈몰","category":"식품","siteUrl":"https:\/\/misungbiz.com\/member\/privacy.html","logoUrl":"https:\/\/logo.clearbit.com\/misungbiz.com","summary":"아이들이 좋아하는 간식 도매"},{"name":"KM통상","category":"식품","siteUrl":"https:\/\/dacmotors.co.kr\/product\/minivan\/","logoUrl":"https:\/\/logo.clearbit.com\/dacmotors.co.kr","summary":"건강기능식품 전문 도매몰"},{"name":"장보자닷컴","category":"식품","siteUrl":"http:\/\/www.jangboja.com\/","logoUrl":"https:\/\/logo.clearbit.com\/www.jangboja.com","summary":"식자재 전문 유통 도매몰"},{"name":"엠스굿포유B2B","category":"식품","siteUrl":"https:\/\/fivestar542.scale38.com\/","logoUrl":"https:\/\/logo.clearbit.com\/fivestar542.scale38.com","summary":"https:\/\/fivestar542.scale38.com\/"},{"name":"GN헬로팜","category":"식품","siteUrl":null,"logoUrl":null,"summary":"건강보조제품 전문 도매몰"},{"name":"도매쿨","category":"식품","siteUrl":"https:\/\/ideashower.tistory.com\/entry\/%EC%9C%84%ED%83%81%ED%8C%90%EB%A7%A4-%EB%8F%84%EB%A7%A4%EC%82%AC%EC%9D%B4%ED%8A%B8-100%EA%B0%9C-%EB%AA%A8%EC%9D%8C","logoUrl":"https:\/\/logo.clearbit.com\/ideashower.tistory.com","summary":"업소용 음식 전문 B2B"},{"name":"엄마애손","category":"식품","siteUrl":"https:\/\/sellerocean.com\/business_promote\/596612","logoUrl":"https:\/\/logo.clearbit.com\/sellerocean.com","summary":"자체 PB 건강식품 엄마애손"},{"name":"바이킹마켓","category":"식품","siteUrl":"http:\/\/www.vkmarket101.com\/","logoUrl":"https:\/\/logo.clearbit.com\/www.vkmarket101.com","summary":"전세계 직수입 수산물 도매몰"},{"name":"에쓰푸드몰","category":"식품","siteUrl":"http:\/\/www.s-food.co.kr\/","logoUrl":"https:\/\/logo.clearbit.com\/www.s-food.co.kr","summary":"육류 소시지 전문 도매몰"},{"name":"굿아이스크림","category":"식품","siteUrl":"https:\/\/www.goodcup.co.kr\/","logoUrl":"https:\/\/logo.clearbit.com\/www.goodcup.co.kr","summary":"아이스크림 전문 도매몰"},{"name":"단골마트","category":"식품","siteUrl":"https:\/\/www.qmarket.online\/","logoUrl":"https:\/\/logo.clearbit.com\/www.qmarket.online","summary":"언제나 좋은 물건만! 각종 식품 전문 도매"},{"name":"셀러퍼스트(sellerfirst)","category":"식품","siteUrl":null,"logoUrl":null,"summary":"건강기능식품 전문몰 '셀러퍼스트' \nOEM\/ODM 제조 및 컨설팅"},{"name":"AD_LAB SHOP","category":"식품","siteUrl":"https:\/\/lvsshop.com\/","logoUrl":"https:\/\/logo.clearbit.com\/lvsshop.com","summary":"건강보조제품 전문 제조업체"},{"name":"금천미트","category":"식품","siteUrl":"https:\/\/www.mirae-biz.com\/news\/articleView.html?idxno=92800","logoUrl":"https:\/\/logo.clearbit.com\/www.mirae-biz.com","summary":"소고기 전문 도매몰"},{"name":"청춘상회 도매몰","category":"식품","siteUrl":"https:\/\/www.handsherb.com\/","logoUrl":"https:\/\/logo.clearbit.com\/www.handsherb.com","summary":"건강식품 전문 온라인 도매몰"},{"name":"건강한내일","category":"식품","siteUrl":"https:\/\/www.kurly.com\/","logoUrl":"https:\/\/logo.clearbit.com\/www.kurly.com","summary":"무재고 무자본으로 시작하는 건강기능 식품 도매"},{"name":"정우푸드","category":"식품","siteUrl":"https:\/\/www.saramin.co.kr\/zf_user\/company-info\/view?csn=bFBIMXlhSHgwT0w3S040ZWsvaVgvQT09","logoUrl":"https:\/\/logo.clearbit.com\/www.saramin.co.kr","summary":"농축산물 도매 전문"},{"name":"미트프렌즈","category":"식품","siteUrl":"https:\/\/www.meatfriends.co.kr\/admin\/auth\/loginForm.do","logoUrl":"https:\/\/logo.clearbit.com\/www.meatfriends.co.kr","summary":"축산물 전문 도매몰"},{"name":"민스","category":"식품","siteUrl":"https:\/\/minsconsulting.com\/","logoUrl":"https:\/\/logo.clearbit.com\/minsconsulting.com","summary":"다양한 재료로 만든 환 전문몰"},{"name":"세경카이프b2b","category":"자동차","siteUrl":"https:\/\/bowmall.co.kr\/service\/privacy","logoUrl":"https:\/\/logo.clearbit.com\/bowmall.co.kr","summary":"시트에 도움되는 각종 쿠션 매트"},{"name":"카쎈비투비","category":"자동차","siteUrl":"https:\/\/ideashower.tistory.com\/entry\/%EC%9C%84%ED%83%81%ED%8C%90%EB%A7%A4-%EB%8F%84%EB%A7%A4%EC%82%AC%EC%9D%B4%ED%8A%B8-100%EA%B0%9C-%EB%AA%A8%EC%9D%8C","logoUrl":"https:\/\/logo.clearbit.com\/ideashower.tistory.com","summary":"미래 자동차용품 도매 쇼핑몰"},{"name":"오토티엔","category":"자동차","siteUrl":"https:\/\/www.autotn.net\/goods\/goods_view.php?goodsNo=1000017610","logoUrl":"https:\/\/logo.clearbit.com\/www.autotn.net","summary":"자동차 및 바이크 전문 도매몰"},{"name":"카포카","category":"자동차","siteUrl":"https:\/\/www.dextore.co.kr\/shop\/item.php?it_id=1712883410","logoUrl":"https:\/\/logo.clearbit.com\/www.dextore.co.kr","summary":"키케이스부터 LED 전구까지"},{"name":"지티생활건강","category":"자동차","siteUrl":"https:\/\/www.gtgb2b.com\/service\/private.php","logoUrl":"https:\/\/logo.clearbit.com\/www.gtgb2b.com","summary":"각종 브랜딩 차량용품 도매"},{"name":"블랙라이거","category":"자동차","siteUrl":"https:\/\/namu.wiki\/w\/%ED%83%80%EC%9D%B4%EA%B1%B0%20%EB%A7%88%EC%8A%A4%ED%81%AC(%ED%94%84%EB%A1%9C%EB%A0%88%EC%8A%AC%EB%9F%AC)","logoUrl":"https:\/\/logo.clearbit.com\/namu.wiki","summary":"다양한 세차용품과 운전보조용품!"},{"name":"디엠텍","category":"자동차","siteUrl":"http:\/\/www.dmtro.com\/","logoUrl":"https:\/\/logo.clearbit.com\/www.dmtro.com","summary":"소소한 자동차용품부터 메이저한 제품까지"},{"name":"B2B고바이카","category":"자동차","siteUrl":"https:\/\/ideashower.tistory.com\/entry\/%EC%9C%84%ED%83%81%ED%8C%90%EB%A7%A4-%EB%8F%84%EB%A7%A4%EC%82%AC%EC%9D%B4%ED%8A%B8-100%EA%B0%9C-%EB%AA%A8%EC%9D%8C","logoUrl":"https:\/\/logo.clearbit.com\/ideashower.tistory.com","summary":"차량용 종합 도매몰! 고바이카"},{"name":"오토카필","category":"자동차","siteUrl":"http:\/\/www.autocarfeel.co.kr\/","logoUrl":"https:\/\/logo.clearbit.com\/www.autocarfeel.co.kr","summary":"차량용 공구까지 겸비한 3시 이전 당일발송"},{"name":"티커벨","category":"자동차","siteUrl":"https:\/\/tikerbell.co.kr\/","logoUrl":"https:\/\/logo.clearbit.com\/tikerbell.co.kr","summary":"많은 업체들이 입점한 자동차도매몰"},{"name":"소리윤","category":"자동차","siteUrl":"https:\/\/www.dextore.co.kr\/shop\/item.php?it_id=1681433394","logoUrl":"https:\/\/logo.clearbit.com\/www.dextore.co.kr","summary":"수도권 지역이라면 소리윤을 통해서 구매"},{"name":"오일비투비","category":"자동차","siteUrl":"https:\/\/ko.wikipedia.org\/wiki\/%EB%9C%BB%EB%B0%96%EC%9D%98_Q","logoUrl":"https:\/\/logo.clearbit.com\/ko.wikipedia.org","summary":"전세계 수입 합성유 전문"},{"name":"오토쿠키","category":"자동차","siteUrl":"https:\/\/cafe.naver.com\/black9woaf","logoUrl":"https:\/\/logo.clearbit.com\/cafe.naver.com","summary":"자동차용품 전문 B2B몰"},{"name":"유비오토","category":"자동차","siteUrl":"https:\/\/ubauto.com\/","logoUrl":"https:\/\/logo.clearbit.com\/ubauto.com","summary":"코일매트, 핸들시트 전문"},{"name":"웰라이트","category":"자동차","siteUrl":"https:\/\/www.jobkorea.co.kr\/Recruit\/Co_Read\/C\/dchoiwell\/Company_name\/%EC%9B%B0%EB%9D%BC%EC%9D%B4%ED%8A%B8","logoUrl":"https:\/\/logo.clearbit.com\/www.jobkorea.co.kr","summary":"https:\/\/www.jobkorea.co.kr\/Recruit\/Co_Read\/C\/dchoiwell\/Company_name\/%EC%9B%B0%EB%9D%BC%EC%9D%B4%ED%8A%B8"},{"name":"선진브이아이피","category":"자동차","siteUrl":"https:\/\/tcatmon.com\/wiki\/%EC%84%A0%EC%A7%84%EB%84%A4%ED%8A%B8%EC%9B%8D%EC%8A%A4","logoUrl":"https:\/\/logo.clearbit.com\/tcatmon.com","summary":"자동차용 악세서리 제품을 제조, 유통하는 도매몰"},{"name":"오토윈","category":"자동차","siteUrl":"http:\/\/www.auto-win.com\/","logoUrl":"https:\/\/logo.clearbit.com\/www.auto-win.com","summary":"현대모비스 만도제품 전문 자동차몰"},{"name":"본투로드","category":"자동차","siteUrl":"https:\/\/blog.naver.com\/borntoroad","logoUrl":"https:\/\/logo.clearbit.com\/blog.naver.com","summary":"자동차 악세서리 전문 도매몰"},{"name":"제트비","category":"자동차","siteUrl":"https:\/\/bizno.net\/article\/4558602629","logoUrl":"https:\/\/logo.clearbit.com\/bizno.net","summary":"자동차에 멋을 부리고 싶다면?"},{"name":"머레이","category":"디지털\/가전","siteUrl":"https:\/\/www.annemurray.com\/","logoUrl":"https:\/\/logo.clearbit.com\/www.annemurray.com","summary":"디지털\/가전 전문 도매몰"},{"name":"도매상인","category":"디지털\/가전","siteUrl":"https:\/\/ideashower.tistory.com\/entry\/%EC%9C%84%ED%83%81%ED%8C%90%EB%A7%A4-%EB%8F%84%EB%A7%A4%EC%82%AC%EC%9D%B4%ED%8A%B8-100%EA%B0%9C-%EB%AA%A8%EC%9D%8C","logoUrl":"https:\/\/logo.clearbit.com\/ideashower.tistory.com","summary":"전자제품 가전은 도매상인!"},{"name":"비투비센터","category":"디지털\/가전","siteUrl":"https:\/\/b2bworld.co.kr\/","logoUrl":"https:\/\/logo.clearbit.com\/b2bworld.co.kr","summary":"특판 전문몰 비투비"},{"name":"에어팥빙수","category":"디지털\/가전","siteUrl":"https:\/\/www.kurly.com\/","logoUrl":"https:\/\/logo.clearbit.com\/www.kurly.com","summary":"에어팟 케이스는 에어팥빙수에서~"},{"name":"티앤씨","category":"디지털\/가전","siteUrl":"https:\/\/www.hyosungtnc.com\/","logoUrl":"https:\/\/logo.clearbit.com\/www.hyosungtnc.com","summary":"사업자 구매를 위한 전용"},{"name":"컴앤파츠","category":"디지털\/가전","siteUrl":"https:\/\/kr.hotdeals.com\/automotive\/parts-equipment\/","logoUrl":"https:\/\/logo.clearbit.com\/kr.hotdeals.com","summary":"컴퓨터 부품 전문 종합쇼핑몰"},{"name":"리얼몰","category":"디지털\/가전","siteUrl":"https:\/\/realmall.co.kr\/","logoUrl":"https:\/\/logo.clearbit.com\/realmall.co.kr","summary":"핸드폰케이스 전문 B2B"},{"name":"메이드쁨","category":"디지털\/가전","siteUrl":"https:\/\/ideashower.tistory.com\/entry\/%EC%9C%84%ED%83%81%ED%8C%90%EB%A7%A4-%EB%8F%84%EB%A7%A4%EC%82%AC%EC%9D%B4%ED%8A%B8-100%EA%B0%9C-%EB%AA%A8%EC%9D%8C","logoUrl":"https:\/\/logo.clearbit.com\/ideashower.tistory.com","summary":"아기자기 예쁜 폰케이스"},{"name":"더파란","category":"디지털\/가전","siteUrl":"https:\/\/dohun.kr\/","logoUrl":"https:\/\/logo.clearbit.com\/dohun.kr","summary":"기본 아이템부터 디자인까지 겸비한 케이스 전문"},{"name":"모던박스","category":"디지털\/가전","siteUrl":"https:\/\/www.ilum.co.kr\/product\/detail.html?product_no=40","logoUrl":"https:\/\/logo.clearbit.com\/www.ilum.co.kr","summary":"각종 폰케이스부터 에어팟 케이스까지"},{"name":"셀파이","category":"디지털\/가전","siteUrl":"https:\/\/sellpie.co.kr\/member\/privacy.html","logoUrl":"https:\/\/logo.clearbit.com\/sellpie.co.kr","summary":"스마트디지털기기 B2B 도매, 자체 풀필먼트, 최대 40%마진, 묶음\/당일 배송, 프리미엄 시즌 셀러"},{"name":"글리밍유","category":"디지털\/가전","siteUrl":null,"logoUrl":null,"summary":"폰케이스, 에어팟케이스, 스트랩, 스마트톡 도매 B2B"},{"name":"소꿉노리","category":"가구\/주방","siteUrl":"http:\/\/xn--dw0bo6ac73a4wf.com\/","logoUrl":"https:\/\/logo.clearbit.com\/xn--dw0bo6ac73a4wf.com","summary":"인테리어 소품도매 소꿉노리"},{"name":"룸앤오피스","category":"가구\/주방","siteUrl":"https:\/\/blog.naver.com\/yurego\/222011884252","logoUrl":"https:\/\/logo.clearbit.com\/blog.naver.com","summary":"대한민국 최저가 가구도매몰"},{"name":"데이스하우스","category":"가구\/주방","siteUrl":"https:\/\/blog.naver.com\/latulipe__\/223287601403","logoUrl":"https:\/\/logo.clearbit.com\/blog.naver.com","summary":"식기부터 다양한 감성 인테리어 소품"},{"name":"카유니아","category":"가구\/주방","siteUrl":"https:\/\/ideashower.tistory.com\/entry\/%EC%9C%84%ED%83%81%ED%8C%90%EB%A7%A4-%EB%8F%84%EB%A7%A4%EC%82%AC%EC%9D%B4%ED%8A%B8-100%EA%B0%9C-%EB%AA%A8%EC%9D%8C","logoUrl":"https:\/\/logo.clearbit.com\/ideashower.tistory.com","summary":"감성정인 모던 제품 카유니아"},{"name":"플라라","category":"가구\/주방","siteUrl":"https:\/\/ko.wikipedia.org\/wiki\/%EC%9A%94%EC%BD%94%EC%95%BC%EB%A7%88_%EC%9C%A0%EC%9D%B4_(%EA%B0%80%EC%88%98)","logoUrl":"https:\/\/logo.clearbit.com\/ko.wikipedia.org","summary":"깔끔한 유리 사기그릇은 프랄라"},{"name":"소소홈","category":"가구\/주방","siteUrl":"https:\/\/sosomoongoo.com\/","logoUrl":"https:\/\/logo.clearbit.com\/sosomoongoo.com","summary":"인테리어 라탄느낌까지 다량 보유"},{"name":"오송유통","category":"가구\/주방","siteUrl":"https:\/\/www.osong.shop\/","logoUrl":"https:\/\/logo.clearbit.com\/www.osong.shop","summary":"가구 및 여성 의류 도매몰"},{"name":"친절한공","category":"가구\/주방","siteUrl":"http:\/\/www.gongclinic.com\/intro\/aboutView.asp","logoUrl":"https:\/\/logo.clearbit.com\/www.gongclinic.com","summary":"위탁판매 가구도매 전문 쇼핑몰"},{"name":"플러스리빙","category":"가구\/주방","siteUrl":"https:\/\/store.hanssem.com\/","logoUrl":"https:\/\/logo.clearbit.com\/store.hanssem.com","summary":"꽃과 어울리는 도매 용품 전문"},{"name":"비투비몰","category":"가구\/주방","siteUrl":"https:\/\/b2bworld.co.kr\/","logoUrl":"https:\/\/logo.clearbit.com\/b2bworld.co.kr","summary":"가구\/인테리어 전문 도매몰"},{"name":"리빙하임","category":"가구\/주방","siteUrl":"https:\/\/www.sesaliving.com\/html\/product_view_new.asp?board_seq=670&board_code=59&types=&search_val=&cate_no1=1&cate_no2=6&cate_no3=&page=1","logoUrl":"https:\/\/logo.clearbit.com\/www.sesaliving.com","summary":"아기자기 생활 소품 전문"},{"name":"롤링페이퍼","category":"가구\/주방","siteUrl":"https:\/\/brunch.co.kr\/@swimjiy\/21","logoUrl":"https:\/\/logo.clearbit.com\/brunch.co.kr","summary":"제조 수입 유통 최적화 가구몰"},{"name":"이안몰","category":"가구\/주방","siteUrl":"https:\/\/ian-mall.kr\/category\/%EC%97%98%EB%9D%BC%EB%9D%BC\/1322\/","logoUrl":"https:\/\/logo.clearbit.com\/ian-mall.kr","summary":"모던 가구 전문"},{"name":"삼호유리","category":"가구\/주방","siteUrl":"https:\/\/www.114.co.kr\/search\/detail?comp_id=222496&comp_tp_cd=INT&upjong_cd=432002","logoUrl":"https:\/\/logo.clearbit.com\/www.114.co.kr","summary":"화분 꽃병을 찾는다면 삼호유리"},{"name":"서울등공예","category":"가구\/주방","siteUrl":"https:\/\/www.114.co.kr\/search\/detail?comp_id=889645&comp_tp_cd=INT&upjong_cd=540504","logoUrl":"https:\/\/logo.clearbit.com\/www.114.co.kr","summary":"라탄 전문 공예방 도매몰"},{"name":"굿즈데코","category":"가구\/주방","siteUrl":"https:\/\/www.customland.kr\/","logoUrl":"https:\/\/logo.clearbit.com\/www.customland.kr","summary":"액자부터 시계까지 수많은 인테리어 용품"},{"name":"모두의 이불","category":"가구\/주방","siteUrl":"https:\/\/www.sesaliving.com\/html\/board6.asp?board_seq=1523&mode=view","logoUrl":"https:\/\/logo.clearbit.com\/www.sesaliving.com","summary":"다양한 침구류들을 만나볼 수 있는 곳"},{"name":"바깥세상","category":"가구\/주방","siteUrl":"https:\/\/www.ajoumc.or.kr\/story\/board\/articleView010002001.do?no=3558","logoUrl":"https:\/\/logo.clearbit.com\/www.ajoumc.or.kr","summary":"고풍스러운 디자인의 소품 용품도매"},{"name":"코코리아","category":"가구\/주방","siteUrl":"https:\/\/www.tiffany.kr\/","logoUrl":"https:\/\/logo.clearbit.com\/www.tiffany.kr","summary":"https:\/\/www.tiffany.kr\/"},{"name":"가구라이즈","category":"가구\/주방","siteUrl":"https:\/\/blog.naver.com\/subineeee\/222775403555","logoUrl":"https:\/\/logo.clearbit.com\/blog.naver.com","summary":"트랜드에 맞는 가구들이 이곳에"},{"name":"남대문미화","category":"가구\/주방","siteUrl":"https:\/\/www.114.co.kr\/search\/detail?comp_id=218084&comp_tp_cd=INT&upjong_cd=572300","logoUrl":"https:\/\/logo.clearbit.com\/www.114.co.kr","summary":"꼼꼼한 사업자 가입 다양한 소품"},{"name":"바비디부","category":"가구\/주방","siteUrl":"https:\/\/www.saramin.co.kr\/zf_user\/company-info\/view?csn=TXVrVmpiN3V0RTNwa3RvRDllaXdNdz09","logoUrl":"https:\/\/logo.clearbit.com\/www.saramin.co.kr","summary":"실용성과 아름다움을 동시에 잡는 소품모음"},{"name":"도매소파","category":"가구\/주방","siteUrl":"https:\/\/www.lykke.co.kr\/","logoUrl":"https:\/\/logo.clearbit.com\/www.lykke.co.kr","summary":"다양한 소파를 한눈에 둘러보세요"},{"name":"리더스도매","category":"의류","siteUrl":"https:\/\/www.incruit.com\/company\/2028566","logoUrl":"https:\/\/logo.clearbit.com\/www.incruit.com","summary":"대량엑셀로 주문까지 가능 의류 도매 전문"},{"name":"제이와이스타일","category":"의류","siteUrl":"https:\/\/in.naver.com\/25artist","logoUrl":"https:\/\/logo.clearbit.com\/in.naver.com","summary":"색상별 다양한 옵션 제이와이스타일"},{"name":"문엔리","category":"의류","siteUrl":"https:\/\/gogoz2002.tistory.com\/","logoUrl":"https:\/\/logo.clearbit.com\/gogoz2002.tistory.com","summary":"심플한 기본 템 전문 도매몰"},{"name":"제이스윗","category":"의류","siteUrl":"https:\/\/www.facebook.com\/vocalistSweetJ","logoUrl":"https:\/\/logo.clearbit.com\/www.facebook.com","summary":"낱장 구매도 가능한 이미지까지 제공 의류도매"},{"name":"도매찜","category":"의류","siteUrl":"https:\/\/www.114.co.kr\/search\/detail?comp_id=15463462&comp_tp_cd=SEL&upjong_cd=549900","logoUrl":"https:\/\/logo.clearbit.com\/www.114.co.kr","summary":"생산전문 도매 쇼핑몰 도.매.찜"},{"name":"단하루","category":"의류","siteUrl":"https:\/\/www.goodneighbors.kr\/story\/vod\/492\/view.gn","logoUrl":"https:\/\/logo.clearbit.com\/www.goodneighbors.kr","summary":"중국의류 도매쇼핑몰"},{"name":"심플로","category":"의류","siteUrl":"https:\/\/ssstore.co.kr\/","logoUrl":"https:\/\/logo.clearbit.com\/ssstore.co.kr","summary":"신규사업자 친절한 설명까지 심플로~"},{"name":"핑크샵","category":"의류","siteUrl":"https:\/\/www.bellaluxe.co.kr\/","logoUrl":"https:\/\/logo.clearbit.com\/www.bellaluxe.co.kr","summary":"여성 수영복은 핑크샵"},{"name":"이노빌","category":"의류","siteUrl":"http:\/\/www.innobile.kr\/company\/","logoUrl":"https:\/\/logo.clearbit.com\/www.innobile.kr","summary":"깔끔한 레이아웃 정말 저렴한 의류 도매몰"},{"name":"제트셀러","category":"의류","siteUrl":"https:\/\/linkareer.com\/activity\/94073","logoUrl":"https:\/\/logo.clearbit.com\/linkareer.com","summary":"등록부터 배송까지 손쉬운 여성의류 도매"},{"name":"스타일도매","category":"의류","siteUrl":"https:\/\/bizno.net\/article\/1168132499","logoUrl":"https:\/\/logo.clearbit.com\/bizno.net","summary":"인기의류 위탁배송 가능"},{"name":"시크릿라벨","category":"의류","siteUrl":"http:\/\/www.secretlabel.co.kr\/","logoUrl":"https:\/\/logo.clearbit.com\/www.secretlabel.co.kr","summary":"여성 빅사이즈 의류 도매전문몰"},{"name":"어이사마켓","category":"의류","siteUrl":"https:\/\/uh2samarket.com\/","logoUrl":"https:\/\/logo.clearbit.com\/uh2samarket.com","summary":"의류도매 자체제작가능"},{"name":"데일리웨어","category":"의류","siteUrl":"https:\/\/www.spao.com\/","logoUrl":"https:\/\/logo.clearbit.com\/www.spao.com","summary":"매일 업뎃되는 여성의류 도매몰"},{"name":"플룸","category":"의류","siteUrl":"https:\/\/www.ploom.co.kr\/ko","logoUrl":"https:\/\/logo.clearbit.com\/www.ploom.co.kr","summary":"남녀캐쥬얼 의류 도매몰"},{"name":"레씨","category":"의류","siteUrl":"https:\/\/www.yes24.com\/24\/AuthorFile\/Author\/468919","logoUrl":"https:\/\/logo.clearbit.com\/www.yes24.com","summary":"편리한 인터넷 도매 의류 전문"},{"name":"도매갓","category":"의류","siteUrl":null,"logoUrl":null,"summary":"좋은품질 저렴한 가격 도매갓"},{"name":"딤팩","category":"의류","siteUrl":"https:\/\/www.albamon.com\/jobs\/detail-company\/4Kv3aUMRxoIop_EMkqRHeg==","logoUrl":"https:\/\/logo.clearbit.com\/www.albamon.com","summary":"후드티 니트 전문 딤팩"},{"name":"패션2002","category":"의류","siteUrl":"http:\/\/www.e-soup.co.kr\/company\/index.asp?lang=L0KR","logoUrl":"https:\/\/logo.clearbit.com\/www.e-soup.co.kr","summary":"핏을 제대로 볼 수 있는 여성의류 도매몰"},{"name":"바이라미","category":"의류","siteUrl":"https:\/\/elfsborg.se\/lag\/a-laget\/","logoUrl":"https:\/\/logo.clearbit.com\/elfsborg.se","summary":"여성의류 수입대행 바이라미"},{"name":"그로우위드어스","category":"의류","siteUrl":"https:\/\/grwswolesale.cafe24.com\/board\/free\/read.html?no=8&board_no=1","logoUrl":"https:\/\/logo.clearbit.com\/grwswolesale.cafe24.com","summary":"전문 남성 맨투맨 그로위드 어스"},{"name":"지컬렉션","category":"의류","siteUrl":"http:\/\/missgeecollection.com\/","logoUrl":"https:\/\/logo.clearbit.com\/missgeecollection.com","summary":"지컬렉션 여성 의류 도매 쇼핑몰"},{"name":"마니판다","category":"신발\/잡화","siteUrl":"https:\/\/mypanda.co.kr\/QmCompany\/business.html","logoUrl":"https:\/\/logo.clearbit.com\/mypanda.co.kr","summary":"머플러와 거실화는 마니판다에서 필수"},{"name":"꽃다","category":"신발\/잡화","siteUrl":"https:\/\/www.jsd.or.kr\/26816","logoUrl":"https:\/\/logo.clearbit.com\/www.jsd.or.kr","summary":"목걸이 귀걸이 헤어삔등 여성 전문 액세서리"},{"name":"신고메고","category":"신발\/잡화","siteUrl":"http:\/\/www.m-i.kr\/news\/articleView.html?idxno=253224","logoUrl":"https:\/\/logo.clearbit.com\/www.m-i.kr","summary":"가방과 신발 전문 도매몰"},{"name":"가방쟁이","category":"신발\/잡화","siteUrl":"https:\/\/blog.naver.com\/goflrktl","logoUrl":"https:\/\/logo.clearbit.com\/blog.naver.com","summary":"가방전문 도매몰"},{"name":"오즈악세사리","category":"신발\/잡화","siteUrl":"https:\/\/www.kentfaith.co.kr\/goods\/goods_list.php?cateCd=005","logoUrl":"https:\/\/logo.clearbit.com\/www.kentfaith.co.kr","summary":"국내제작 고품질 액세서리"},{"name":"리얼백","category":"신발\/잡화","siteUrl":"https:\/\/www.nike.com\/kr\/","logoUrl":"https:\/\/logo.clearbit.com\/www.nike.com","summary":"남녀 불문 가방전문"},{"name":"헤어핀포유","category":"신발\/잡화","siteUrl":"https:\/\/www.hairpin4u.com\/","logoUrl":"https:\/\/logo.clearbit.com\/www.hairpin4u.com","summary":"액세서리 도매 전문 쇼핑몰"},{"name":"디디엠슈","category":"신발\/잡화","siteUrl":"https:\/\/gbmb2b.com\/product\/list.html?cate_no=232","logoUrl":"https:\/\/logo.clearbit.com\/gbmb2b.com","summary":"각종 슬리퍼 도매"},{"name":"에루샤B2B","category":"신발\/잡화","siteUrl":"https:\/\/hlcb2b.com\/board\/content.asp?board=monthly&pidx=845","logoUrl":"https:\/\/logo.clearbit.com\/hlcb2b.com","summary":"명품 브랜드 B2B의 모든것"},{"name":"미스도나","category":"신발\/잡화","siteUrl":"https:\/\/namu.wiki\/w\/%EB%8B%A5%ED%84%B0%20%ED%9B%84%2060%EC%A3%BC%EB%85%84%20%EA%B8%B0%EB%85%90%20%EC%8A%A4%ED%8E%98%EC%85%9C","logoUrl":"https:\/\/logo.clearbit.com\/namu.wiki","summary":"일상생활 신발 전문 도매"},{"name":"스타일몬스터","category":"신발\/잡화","siteUrl":"https:\/\/www.gentlemonster.com\/","logoUrl":"https:\/\/logo.clearbit.com\/www.gentlemonster.com","summary":"골드 악세사리 전문 도매몰"},{"name":"도매다","category":"신발\/잡화","siteUrl":"https:\/\/at.agromarket.kr\/","logoUrl":"https:\/\/logo.clearbit.com\/at.agromarket.kr","summary":"시계 팔찌 전문 도매몰"},{"name":"프리홀드","category":"신발\/잡화","siteUrl":"https:\/\/www.nike.com\/kr\/","logoUrl":"https:\/\/logo.clearbit.com\/www.nike.com","summary":"다양한 입점업체 갖춘 신발 도매몰"},{"name":"어반브로스","category":"신발\/잡화","siteUrl":"https:\/\/www.saramin.co.kr\/zf_user\/company-info\/view?csn=TjlPOHZnZzkxOC9iak55MGVXSkcvZz09","logoUrl":"https:\/\/logo.clearbit.com\/www.saramin.co.kr","summary":"여성 액세서리와 가방을 한 눈에."},{"name":"도매다","category":"신발\/잡화","siteUrl":"https:\/\/at.agromarket.kr\/","logoUrl":"https:\/\/logo.clearbit.com\/at.agromarket.kr","summary":"사업자를 위한 전문도매 플랫폼"},{"name":"슈베이직","category":"신발\/잡화","siteUrl":"https:\/\/www.keyzard.cc\/register\/tt\/kimheesun","logoUrl":"https:\/\/logo.clearbit.com\/www.keyzard.cc","summary":"남녀신발 다 둘러볼 수 있는 곳"},{"name":"백보스","category":"신발\/잡화","siteUrl":"https:\/\/www.114.co.kr\/search\/detail?comp_id=1315947&comp_tp_cd=INT&upjong_cd=561700","logoUrl":"https:\/\/logo.clearbit.com\/www.114.co.kr","summary":"가방도매 위탁전문몰"},{"name":"트랜드백","category":"신발\/잡화","siteUrl":"https:\/\/trendlabkorea.com\/","logoUrl":"https:\/\/logo.clearbit.com\/trendlabkorea.com","summary":"빅사이즈도 갖춘 신발도매몰"},{"name":"걸스굽","category":"신발\/잡화","siteUrl":"https:\/\/www.fncent.com\/AOA\/b\/introduce\/1303","logoUrl":"https:\/\/logo.clearbit.com\/www.fncent.com","summary":"액세서리 수입대행 도매몰"},{"name":"백이슈","category":"신발\/잡화","siteUrl":"https:\/\/socksn.tistory.com\/157","logoUrl":"https:\/\/logo.clearbit.com\/socksn.tistory.com","summary":"신발제조 및 도매전문몰"},{"name":"라라주얼리","category":"신발\/잡화","siteUrl":"https:\/\/space42.or.kr\/brand","logoUrl":"https:\/\/logo.clearbit.com\/space42.or.kr","summary":"가방전문 도소매몰"},{"name":"악세사리대장","category":"신발\/잡화","siteUrl":"https:\/\/store.hanssem.com\/","logoUrl":"https:\/\/logo.clearbit.com\/store.hanssem.com","summary":"비즈시계 귀걸이까지 악세사리 전문 도매"},{"name":"남대문악세사리도매","category":"신발\/잡화","siteUrl":"https:\/\/blog.naver.com\/ndndmarket\/223298604720","logoUrl":"https:\/\/logo.clearbit.com\/blog.naver.com","summary":"시계 전문 도매몰"},{"name":"본필","category":"신발\/잡화","siteUrl":"https:\/\/m.enuri.com\/m\/vip.jsp?modelno=117891832&delivery=","logoUrl":"https:\/\/logo.clearbit.com\/m.enuri.com","summary":"여성화 도매전문 사이트"},{"name":"도매신","category":"신발\/잡화","siteUrl":"https:\/\/domesin.co.kr\/article\/%EC%9D%B4%EC%9A%A9%EC%95%88%EB%82%B4-faq\/3\/18196\/","logoUrl":"https:\/\/logo.clearbit.com\/domesin.co.kr","summary":"판매자 전용 여성구두몰"},{"name":"엘슬러","category":"신발\/잡화","siteUrl":"https:\/\/img.smlounge.co.kr\/upload\/NPFILE\/202310\/524006.pdf","logoUrl":"https:\/\/logo.clearbit.com\/img.smlounge.co.kr","summary":"대리배송 전문 액세서리몰"},{"name":"슈즈다방","category":"신발\/잡화","siteUrl":"https:\/\/ko.wikipedia.org\/wiki\/%EB%B9%85%EB%B1%85_(%EC%9D%8C%EC%95%85_%EA%B7%B8%EB%A3%B9)","logoUrl":"https:\/\/logo.clearbit.com\/ko.wikipedia.org","summary":"여성가방 도매와 제작까지"},{"name":"디디엠슈","category":"신발\/잡화","siteUrl":"https:\/\/gbmb2b.com\/product\/list.html?cate_no=232","logoUrl":"https:\/\/logo.clearbit.com\/gbmb2b.com","summary":"커플링 14k전문 액세서리몰"},{"name":"슈라인","category":"신발\/잡화","siteUrl":"http:\/\/tour.interpark.com\/freeya\/Spot\/View.aspx?SpotNo=127316","logoUrl":"https:\/\/logo.clearbit.com\/tour.interpark.com","summary":"여성부츠 전문 신발몰"},{"name":"오즈 액세서리","category":"신발\/잡화","siteUrl":"https:\/\/ozjejakso.com\/","logoUrl":"https:\/\/logo.clearbit.com\/ozjejakso.com","summary":"은제품 전문 액세서리몰"},{"name":"비비오페라","category":"신발\/잡화","siteUrl":"https:\/\/ko.wikipedia.org\/wiki\/%ED%8C%8C%EB%A5%B4%EB%A7%88","logoUrl":"https:\/\/logo.clearbit.com\/ko.wikipedia.org","summary":"No.1 온오프매장 슈즈원도매"},{"name":"라라팬시","category":"아동\/완구","siteUrl":"https:\/\/www.lalab2b.com\/service\/private.php","logoUrl":"https:\/\/logo.clearbit.com\/www.lalab2b.com","summary":"각종 팬시용품"},{"name":"아카토이","category":"아동\/완구","siteUrl":"https:\/\/blog.naver.com\/youngdisplay\/220227744605","logoUrl":"https:\/\/logo.clearbit.com\/blog.naver.com","summary":"장난감, 보드게임 전문 B2B"},{"name":"천유닷컴","category":"아동\/완구","siteUrl":"https:\/\/m.jobkorea.co.kr\/company\/45911968","logoUrl":"https:\/\/logo.clearbit.com\/m.jobkorea.co.kr","summary":"4만종 문구·리빙 도매, 합배송·당일출고, 3PL 지원"},{"name":"교구몰","category":"아동\/완구","siteUrl":"https:\/\/www.gymboreeshop.co.kr\/Section\/Edu.asp","logoUrl":"https:\/\/logo.clearbit.com\/www.gymboreeshop.co.kr","summary":"친환경 유아용 페브릭 다수 보유"},{"name":"척척자매마켓","category":"아동\/완구","siteUrl":"https:\/\/domaelist.com\/wholesale\/146","logoUrl":"https:\/\/logo.clearbit.com\/domaelist.com","summary":"어린이 장난감 전문 도매몰"},{"name":"친절한도매사장님","category":"아동\/완구","siteUrl":"https:\/\/kmong.com\/gig\/518096","logoUrl":"https:\/\/logo.clearbit.com\/kmong.com","summary":"어린이 의류 전문 도매"},{"name":"토이탑","category":"아동\/완구","siteUrl":"https:\/\/ezmind.tistory.com\/entry\/%EB%82%A8%EC%96%91%EC%A3%BC-%EC%9E%A5%EB%82%9C%EA%B0%90%EB%8C%80%ED%98%95-%ED%95%A0%EC%9D%B8%EB%A7%A4%EC%9E%A5-%ED%86%A0%EC%9D%B4%ED%83%91","logoUrl":"https:\/\/logo.clearbit.com\/ezmind.tistory.com","summary":"아기자기한 소품들이 한가득"},{"name":"승지유통","category":"아동\/완구","siteUrl":"https:\/\/bizno.net\/article\/5089047854","logoUrl":"https:\/\/logo.clearbit.com\/bizno.net","summary":"블럭 관련 완구 전문"},{"name":"보부상단몰","category":"아동\/완구","siteUrl":"http:\/\/www.bbsd.kr\/service\/private.php","logoUrl":"https:\/\/logo.clearbit.com\/www.bbsd.kr","summary":"문구 \/ 사무 \/ 잡화 \/ 취미 \/ 레저 전문 B2B몰"},{"name":"ALPHA B2B 알파몰","category":"아동\/완구","siteUrl":"https:\/\/www.alpha.co.kr\/","logoUrl":"https:\/\/logo.clearbit.com\/www.alpha.co.kr","summary":"문구 사무 및 어린이 교구 전문"},{"name":"큐티키즈","category":"아동\/완구","siteUrl":"https:\/\/blog.naver.com\/gogojwsh\/222977012318","logoUrl":"https:\/\/logo.clearbit.com\/blog.naver.com","summary":"아동복 전문 도매몰"},{"name":"팬시피아","category":"아동\/완구","siteUrl":"https:\/\/realog.net\/1644","logoUrl":"https:\/\/logo.clearbit.com\/realog.net","summary":"문구\/학용품 및 팬시용품 전문 도매몰"},{"name":"키즈토이","category":"아동\/완구","siteUrl":"http:\/\/toykidspoolvilla.com\/","logoUrl":"https:\/\/logo.clearbit.com\/toykidspoolvilla.com","summary":"유아 어린이용 식판 장난감"},{"name":"퍼줌넷","category":"아동\/완구","siteUrl":"https:\/\/mailgame.tistory.com\/1965","logoUrl":"https:\/\/logo.clearbit.com\/mailgame.tistory.com","summary":"문구 펜시 전문 퍼줌넷"},{"name":"아이토픽","category":"아동\/완구","siteUrl":"https:\/\/www.itopic.co.kr\/shop\/idinfo.html","logoUrl":"https:\/\/logo.clearbit.com\/www.itopic.co.kr","summary":"아동용 완구전문 아이토픽"},{"name":"아이토빅","category":"아동\/완구","siteUrl":"https:\/\/yeblingmom.tistory.com\/entry\/%ED%8F%AC%EC%BC%93%EB%AA%AC-%EA%B0%80%EC%98%A4%EB%A0%88-%EC%9C%84%EC%B9%98%EC%B0%BE%EA%B8%B0-%EB%B0%A9%EB%B2%95-feat%ED%8C%8C%EC%A3%BC-%EB%AC%B8%EA%B5%AC%ED%95%A0%EC%9D%B8%EC%A0%90-%EC%95%84%EC%9D%B4%ED%86%A0%EB%B9%85","logoUrl":"https:\/\/logo.clearbit.com\/yeblingmom.tistory.com","summary":"최신완구\/문구\/인기 캐릭터 브랜드 전문 도매몰"},{"name":"토이즈데이","category":"아동\/완구","siteUrl":"https:\/\/www.instagram.com\/hottoyskr\/","logoUrl":"https:\/\/logo.clearbit.com\/www.instagram.com","summary":"문구, 데코용품들이 많이 모여있는 곳"},{"name":"아기넷","category":"아동\/완구","siteUrl":"https:\/\/www.mohw.go.kr\/kids","logoUrl":"https:\/\/logo.clearbit.com\/www.mohw.go.kr","summary":"인형 모형 전문 도매"},{"name":"비투비114","category":"아동\/완구","siteUrl":"https:\/\/www.incruit.com\/company\/1678343505","logoUrl":"https:\/\/logo.clearbit.com\/www.incruit.com","summary":"유아 가구\/교구 , 문구 사무용품 도매쇼핑몰"},{"name":"모두세일","category":"아동\/완구","siteUrl":"https:\/\/www.modetour.com\/","logoUrl":"https:\/\/logo.clearbit.com\/www.modetour.com","summary":"사무실 비품의 모든 것"},{"name":"베이비랜드","category":"아동\/완구","siteUrl":"https:\/\/www.sylvanianfamilies.com\/ko-kr\/catalog\/categorieslist.php?category_id=123","logoUrl":"https:\/\/logo.clearbit.com\/www.sylvanianfamilies.com","summary":"파티용품 전문 도매몰"},{"name":"펫토리","category":"반려\/애완","siteUrl":"https:\/\/www.saramin.co.kr\/zf_user\/company-info\/view?csn=TFZ5WUFOb01KYVFqdk1ZaFhqMkluUT09","logoUrl":"https:\/\/logo.clearbit.com\/www.saramin.co.kr","summary":"애견\/애묘 전문 도매몰"},{"name":"수진펫","category":"반려\/애완","siteUrl":"https:\/\/www.xn--om2b15zchj.com\/supply\/index.html?supplier_code=S00000IN","logoUrl":"https:\/\/logo.clearbit.com\/www.xn--om2b15zchj.com","summary":"8,000여가지의 애완용품 수진펫"},{"name":"올즈펫 B2B","category":"반려\/애완","siteUrl":"https:\/\/allzpet.co.kr\/","logoUrl":"https:\/\/logo.clearbit.com\/allzpet.co.kr","summary":"상시 행사 열리는 도매 사이트"},{"name":"도매펫","category":"반려\/애완","siteUrl":"https:\/\/www.xn--om2b15zchj.com\/supply\/index.html?supplier_code=S00000IN","logoUrl":"https:\/\/logo.clearbit.com\/www.xn--om2b15zchj.com","summary":"강아지 고양이용품 전문몰"},{"name":"논다","category":"반려\/애완","siteUrl":"https:\/\/www.yanoljagroup.com\/ko","logoUrl":"https:\/\/logo.clearbit.com\/www.yanoljagroup.com","summary":"애견, 애묘용품 전문 도매"},{"name":"딱펫","category":"반려\/애완","siteUrl":"https:\/\/www.xn--om2b15zchj.com\/supply\/index.html?supplier_code=S00000IN","logoUrl":"https:\/\/logo.clearbit.com\/www.xn--om2b15zchj.com","summary":"요새 핫한 아이템 위주 도매몰"},{"name":"더펫마트B2B","category":"반려\/애완","siteUrl":"https:\/\/thepetmart.co.kr\/","logoUrl":"https:\/\/logo.clearbit.com\/thepetmart.co.kr","summary":"자체생산 애완 간식"},{"name":"펫8888","category":"반려\/애완","siteUrl":"https:\/\/sailing-blog.click\/2833","logoUrl":"https:\/\/logo.clearbit.com\/sailing-blog.click","summary":"애완동물 각종 사료 및 청소용품"},{"name":"펫츠","category":"반려\/애완","siteUrl":"https:\/\/petsgo.kr\/","logoUrl":"https:\/\/logo.clearbit.com\/petsgo.kr","summary":"데이터 제공까지 해주는 도매몰"},{"name":"바니펫","category":"반려\/애완","siteUrl":"http:\/\/www.hotelshow.co.kr\/mug\/%EC%95%A0%EA%B2%ACb2b","logoUrl":"https:\/\/logo.clearbit.com\/www.hotelshow.co.kr","summary":"반려동물 간식 전문 도매몰"},{"name":"펫비투비","category":"반려\/애완","siteUrl":"https:\/\/petbtob.co.kr\/member\/privacy.html","logoUrl":"https:\/\/logo.clearbit.com\/petbtob.co.kr","summary":"오프라인 매장 까지 지원"},{"name":"토들리","category":"반려\/애완","siteUrl":"https:\/\/www.todley.co.kr\/","logoUrl":"https:\/\/logo.clearbit.com\/www.todley.co.kr","summary":"강아지 옷부터 간식까지 전문도매몰"},{"name":"비투비펫","category":"반려\/애완","siteUrl":"http:\/\/petndream.com\/?page_id=15721","logoUrl":"https:\/\/logo.clearbit.com\/petndream.com","summary":"건식 간식 건강식 애완용품 전문"},{"name":"딩동펫","category":"반려\/애완","siteUrl":"https:\/\/dingdongpet.com\/","logoUrl":"https:\/\/logo.clearbit.com\/dingdongpet.com","summary":"반려동물 유모차 잡화 전문"},{"name":"투비펫","category":"반려\/애완","siteUrl":"http:\/\/twobpet.co.kr\/","logoUrl":"https:\/\/logo.clearbit.com\/twobpet.co.kr","summary":"완판 제품 천국 , 각종 입점사 보유"},{"name":"나이스펫","category":"반려\/애완","siteUrl":"https:\/\/www.nice-dome.com\/service\/private.php","logoUrl":"https:\/\/logo.clearbit.com\/www.nice-dome.com","summary":"댕냥이 간식 관련 전문 나이스펫"},{"name":"투비펫","category":"반려\/애완","siteUrl":"http:\/\/twobpet.co.kr\/","logoUrl":"https:\/\/logo.clearbit.com\/twobpet.co.kr","summary":"수많은 업체가 입점한 펫도매몰"},{"name":"바이트미","category":"반려\/애완","siteUrl":"https:\/\/www.biteme.co.kr\/","logoUrl":"https:\/\/logo.clearbit.com\/www.biteme.co.kr","summary":"강아지 의류 전문"},{"name":"딱펫","category":"반려\/애완","siteUrl":"https:\/\/www.xn--om2b15zchj.com\/supply\/index.html?supplier_code=S00000IN","logoUrl":"https:\/\/logo.clearbit.com\/www.xn--om2b15zchj.com","summary":"멍멍이들을 위한 모든 제품 도매"},{"name":"도매코스","category":"건강\/뷰티","siteUrl":"https:\/\/fivestar542.scale38.com\/","logoUrl":"https:\/\/logo.clearbit.com\/fivestar542.scale38.com","summary":"기초부터 탄탄한 제품 다량보유"},{"name":"조은뷰티","category":"건강\/뷰티","siteUrl":"https:\/\/goodbeauty.kr\/","logoUrl":"https:\/\/logo.clearbit.com\/goodbeauty.kr","summary":"반영구, 네일아트 전문몰"},{"name":"건강산","category":"건강\/뷰티","siteUrl":"https:\/\/www.ggsan.com\/service\/private.php","logoUrl":"https:\/\/logo.clearbit.com\/www.ggsan.com","summary":"우수한 퀄리티와 품질로 깐깐한 상품 선정"},{"name":"뷰티셀","category":"건강\/뷰티","siteUrl":"http:\/\/hcnp.co.kr\/portfolio-item\/%EB%B7%B0%ED%8B%B0%EC%85%80-%EB%AF%B8%EC%9A%A9%EA%B8%B0%EA%B8%B0-%EB%B0%95%EC%8A%A4\/","logoUrl":"https:\/\/logo.clearbit.com\/hcnp.co.kr","summary":"여성뷰티제품 도매전문몰"},{"name":"화장품닷컴","category":"건강\/뷰티","siteUrl":"https:\/\/www.etude.com\/","logoUrl":"https:\/\/logo.clearbit.com\/www.etude.com","summary":"각종 향수 병행수입"},{"name":"꽃다","category":"건강\/뷰티","siteUrl":"https:\/\/www.jsd.or.kr\/26816","logoUrl":"https:\/\/logo.clearbit.com\/www.jsd.or.kr","summary":"반영구, 네일아트 전문몰"},{"name":"뷰티도매","category":"건강\/뷰티","siteUrl":"https:\/\/www.instagram.com\/narabeauty_korea\/","logoUrl":"https:\/\/logo.clearbit.com\/www.instagram.com","summary":"색조와 뷰티제품 전문몰"},{"name":"경안사","category":"건강\/뷰티","siteUrl":"http:\/\/www.adbusiness.kr\/htm\/menu3_view.htm?bu_no=30","logoUrl":"https:\/\/logo.clearbit.com\/www.adbusiness.kr","summary":"스킨케어 전문 도매"},{"name":"쿠보월드","category":"건강\/뷰티","siteUrl":"https:\/\/v.daum.net\/v\/QoTHdzts5Z","logoUrl":"https:\/\/logo.clearbit.com\/v.daum.net","summary":"뷰티 케어 도매몰"},{"name":"굿뷰티","category":"건강\/뷰티","siteUrl":"http:\/\/www.charmzone.co.kr\/","logoUrl":"https:\/\/logo.clearbit.com\/www.charmzone.co.kr","summary":"속눈썹 및 네이아트 전문 뷰티 도매몰"},{"name":"하이코스","category":"건강\/뷰티","siteUrl":"http:\/\/www.hycos.co.kr\/","logoUrl":"https:\/\/logo.clearbit.com\/www.hycos.co.kr","summary":"네일 전문 도매몰"},{"name":"노빌리끄","category":"건강\/뷰티","siteUrl":"https:\/\/nobilique.co.kr\/","logoUrl":"https:\/\/logo.clearbit.com\/nobilique.co.kr","summary":"구강 케어 & 치아 미백, 도매로 더 쉽게"},{"name":"루브","category":"건강\/뷰티","siteUrl":"http:\/\/roov.net\/index.html","logoUrl":"https:\/\/logo.clearbit.com\/roov.net","summary":"헤어용품 브랜드입니다."}]